ID,Severity,Start_Time,Start_Lat,Start_Lng,City,State,Weather_Condition,Temperature(F),Visibility(mi),Junction,Traffic_Signal,Hour,Day_of_Week
A-1,3,2016-02-08 00:37:08,40.10891,-83.09286,Dublin,OH,Light Rain,42.1,10.0,False,False,0,Monday
A-2,2,2016-02-08 05:56:20,39.86542,-84.0628,Dayton,OH,Light Rain,36.9,10.0,False,False,5,Monday
A-3,2,2016-02-08 06:15:39,39.10266,-84.52468,Cincinnati,OH,Overcast,36.0,10.0,True,False,6,Monday
A-4,2,2016-02-08 06:51:45,41.06213,-81.53784,Akron,OH,Overcast,39.0,10.0,False,False,6,Monday
A-5,3,2016-02-08 07:53:43,39.172393,-84.49279200000002,Cincinnati,OH,Light Rain,37.0,10.0,False,False,7,Monday
A-6,2,2016-02-08 08:16:57,39.06324,-84.03243,Williamsburg,OH,Overcast,35.6,10.0,False,True,8,Monday
A-7,2,2016-02-08 08:15:41,39.77565,-84.18603,Dayton,OH,Mostly Cloudy,33.8,3.0,False,False,8,Monday
A-8,2,2016-02-08 11:51:46,41.37531,-81.82016999999998,Cleveland,OH,Snow,33.1,0.5,True,False,11,Monday
A-9,2,2016-02-08 14:19:57,40.702247,-84.075887,Lima,OH,Overcast,39.0,10.0,False,False,14,Monday
A-10,2,2016-02-08 15:16:43,40.10931,-82.96849,Westerville,OH,Snow,32.0,0.5,False,False,15,Monday
A-11,2,2016-02-08 15:43:50,39.19288,-84.47723,Cincinnati,OH,Light Snow,33.8,3.0,False,False,15,Monday
A-12,2,2016-02-08 16:50:57,39.13877,-84.53394,Cincinnati,OH,Overcast,35.1,10.0,False,True,16,Monday
A-13,2,2016-02-08 17:27:39,41.4739,-81.704233,Cleveland,OH,Light Snow,33.1,1.8,False,False,17,Monday
A-14,2,2016-02-08 17:30:18,39.582242,-83.677814,Jamestown,OH,Light Snow,33.8,1.0,False,False,17,Monday
A-15,3,2016-02-08 18:11:11,40.151785,-81.312635,Freeport,OH,Mostly Cloudy,33.1,10.0,False,False,18,Monday
A-16,3,2016-02-08 18:11:11,40.151747,-81.312682,Freeport,OH,Mostly Cloudy,33.1,10.0,False,False,18,Monday
A-17,3,2016-02-08 19:47:42,39.97241,-82.84695,Columbus,OH,Overcast,34.0,6.0,False,False,19,Monday
A-18,2,2016-02-08 19:47:42,39.9838,-82.85656999999998,Columbus,OH,Overcast,34.0,6.0,False,False,19,Monday
A-19,3,2016-02-08 20:13:22,40.02664,-82.9944,Columbus,OH,Light Snow,33.8,1.0,False,False,20,Monday
A-20,4,2016-02-08 21:00:17,41.679361,-83.573037,Toledo,OH,Overcast,33.4,10.0,False,False,21,Monday
A-21,2,2016-02-08 21:10:10,40.99613,-85.26613,Roanoke,IN,Light Snow,28.0,8.0,False,False,21,Monday
A-22,3,2016-02-08 21:30:31,39.0381,-84.59243000000002,Ft Mitchell,KY,Light Snow,26.6,3.0,False,False,21,Monday
A-23,2,2016-02-09 05:54:01,40.03386,-82.99601,Columbus,OH,Light Snow,25.0,1.0,False,False,5,Tuesday
A-24,2,2016-02-09 06:10:59,39.85798,-84.28181,Dayton,OH,Light Snow,23.0,2.0,False,False,6,Tuesday
A-25,2,2016-02-09 06:46:32,39.15267,-84.5395,Cincinnati,OH,Light Snow,21.0,1.5,False,False,6,Tuesday
A-26,2,2016-02-09 07:18:10,39.30732,-85.95982,Edinburgh,IN,Cloudy,19.0,2.0,False,False,7,Tuesday
A-27,4,2016-02-09 07:28:15,39.77572,-84.04815,Fairborn,OH,Light Snow,23.0,1.5,False,False,7,Tuesday
A-28,2,2016-02-09 07:25:40,39.97643,-83.12306,Columbus,OH,Light Snow,21.2,1.5,False,False,7,Tuesday
A-29,3,2016-02-09 07:44:49,39.58595,-85.82518,Shelbyville,IN,Light Snow,21.9,1.5,False,False,7,Tuesday
A-30,3,2016-02-09 07:48:40,39.3638,-85.51659000000002,Greensburg,IN,Light Snow,19.4,2.0,False,False,7,Tuesday
A-31,3,2016-02-09 07:48:40,39.45132,-85.62516,Saint Paul,IN,Light Snow,21.2,3.0,False,False,7,Tuesday
A-32,2,2016-02-09 08:00:16,39.75067,-84.14148,Dayton,OH,Light Snow,22.5,1.2,False,False,8,Tuesday
A-33,3,2016-02-09 08:02:55,39.2675,-81.49929,Parkersburg,WV,Light Snow,24.1,1.0,False,False,8,Tuesday
A-34,2,2016-02-09 08:18:58,39.86025,-85.96623000000002,Indianapolis,IN,Overcast,19.4,5.0,False,False,8,Tuesday
A-35,2,2016-02-09 09:07:19,41.95677,-83.67214,Dundee,MI,Light Snow,30.2,1.2,False,False,9,Tuesday
A-36,3,2016-02-09 10:07:49,38.27401,-85.74844,Jeffersonville,IN,Overcast,23.0,10.0,False,False,10,Tuesday
A-37,2,2016-02-09 11:09:49,41.95677,-83.67214,Dundee,MI,Light Snow,31.8,2.5,False,False,11,Tuesday
A-38,2,2016-02-09 11:28:49,40.52225,-80.06666,Pittsburgh,PA,Light Snow,30.0,1.5,False,False,11,Tuesday
A-39,2,2016-02-09 12:31:08,40.487814,-80.009439,Pittsburgh,PA,Light Snow,28.9,1.0,False,False,12,Tuesday
A-40,4,2016-02-09 15:33:59,40.156298,-83.018431,Lewis Center,OH,Light Snow,26.6,2.0,False,False,15,Tuesday
A-41,2,2016-02-09 17:12:40,41.47461,-81.71181999999997,Cleveland,OH,Light Snow,30.9,1.0,False,False,17,Tuesday
A-42,2,2016-02-09 17:13:58,41.0618,-81.54608,Akron,OH,Light Snow,28.9,2.5,False,False,17,Tuesday
A-43,4,2016-02-09 18:20:58,40.45112,-85.15048,Dunkirk,IN,Light Snow,19.9,2.0,False,False,18,Tuesday
A-44,4,2016-02-09 18:20:58,40.35429,-85.14993,Redkey,IN,Light Snow,19.9,2.0,False,False,18,Tuesday
A-45,4,2016-02-09 22:37:48,39.75855,-85.13715,Milton,IN,Light Snow,23.0,3.0,False,False,22,Tuesday
A-46,4,2016-02-09 22:37:48,39.74408,-85.13749,Milton,IN,Light Snow,23.0,3.0,False,False,22,Tuesday
A-47,4,2016-02-10 06:17:32,39.965148,-83.020499,Columbus,OH,Light Snow,15.8,4.0,False,False,6,Wednesday
A-48,4,2016-02-10 06:18:49,40.72813,-84.78965,Willshire,OH,Light Snow,17.1,2.5,False,False,6,Wednesday
A-49,2,2016-02-10 06:29:48,39.85223,-85.25846999999997,Straughn,IN,Light Snow,12.2,2.0,False,False,6,Wednesday
A-50,2,2016-02-10 08:19:15,41.46747,-81.75909,Cleveland,OH,Light Snow,19.9,8.0,False,False,8,Wednesday
A-51,2,2016-02-10 08:35:27,41.83193,-80.10143000000002,Cambridge Springs,PA,Light Snow,21.0,1.0,False,False,8,Wednesday
A-52,2,2016-02-10 08:44:31,39.744287,-84.204939,Dayton,OH,Light Snow,14.0,3.0,False,False,8,Wednesday
A-53,3,2016-02-10 08:39:16,39.71548,-84.22033,Dayton,OH,Light Snow,14.0,1.5,False,False,8,Wednesday
A-54,2,2016-02-10 08:39:16,39.7504,-84.20561,Dayton,OH,Light Snow,15.3,2.0,False,False,8,Wednesday
A-55,2,2016-02-10 08:48:06,41.72316,-84.96444,Fremont,IN,Unknown,17.6,2.0,False,False,8,Wednesday
A-56,2,2016-02-10 09:06:09,40.04376,-82.99708000000003,Columbus,OH,Light Snow,15.8,1.0,False,False,9,Wednesday
A-57,2,2016-02-10 09:06:09,38.1781,-85.71946,Louisville,KY,Mostly Cloudy,17.1,10.0,False,False,9,Wednesday
A-58,2,2016-02-10 09:08:29,38.18577,-85.80678,Louisville,KY,Mostly Cloudy,17.1,10.0,False,False,9,Wednesday
A-59,3,2016-02-10 09:08:29,38.27191,-85.80838,Louisville,KY,Mostly Cloudy,17.1,10.0,False,False,9,Wednesday
A-60,2,2016-02-10 09:18:13,39.923905,-82.87008,Columbus,OH,Light Snow,15.8,1.0,False,False,9,Wednesday
A-61,2,2016-02-10 09:34:38,41.035566,-81.569917,Akron,OH,Light Snow,21.0,1.5,True,False,9,Wednesday
A-62,3,2016-02-10 10:18:13,39.9239,-83.68767,South Charleston,OH,Light Snow,15.8,2.0,False,False,10,Wednesday
A-63,2,2016-02-10 10:21:52,41.851914,-80.175232,Edinboro,PA,Light Snow,24.1,0.8,False,False,10,Wednesday
A-64,2,2016-02-10 10:47:49,39.93849,-82.84849,Columbus,OH,Light Snow,17.1,1.5,False,False,10,Wednesday
A-65,2,2016-02-10 11:09:08,38.96943,-80.1096,Buckhannon,WV,Light Snow,15.8,6.0,False,False,11,Wednesday
A-66,2,2016-02-10 11:55:16,41.66805,-83.57063000000002,Toledo,OH,Overcast,21.9,10.0,False,False,11,Wednesday
A-67,2,2016-02-10 12:54:39,41.48339,-81.66297,Cleveland,OH,Light Snow,24.1,2.0,False,False,12,Wednesday
A-68,3,2016-02-10 13:34:10,41.50127,-81.4804,Cleveland,OH,Light Snow,24.8,1.5,False,False,13,Wednesday
A-69,4,2016-02-10 13:59:39,39.789093,-82.989106,Lockbourne,OH,Light Snow,18.0,1.5,False,False,13,Wednesday
A-70,4,2016-02-10 14:57:58,41.67073,-81.24561,Painesville,OH,Light Snow,19.4,3.0,False,False,14,Wednesday
A-71,4,2016-02-10 14:59:15,41.70846,-81.17636,Painesville,OH,Light Snow,19.4,3.0,False,False,14,Wednesday
A-72,2,2016-02-10 15:31:15,41.44246,-81.78485,Cleveland,OH,Light Snow,21.9,5.0,False,False,15,Wednesday
A-73,2,2016-02-10 15:31:15,39.77128,-84.1923,Dayton,OH,Overcast,16.0,10.0,False,False,15,Wednesday
A-74,2,2016-02-10 15:31:15,41.50499,-81.47417,Cleveland,OH,Overcast,21.2,7.0,False,False,15,Wednesday
A-75,4,2016-02-10 16:06:41,40.109653,-80.2029,Washington,PA,Overcast,19.4,3.0,False,False,16,Wednesday
A-76,2,2016-02-10 17:01:25,38.38852,-81.7687,Dunbar,WV,Light Snow,21.0,9.0,False,False,17,Wednesday
A-77,2,2016-02-10 17:30:32,41.03572,-81.57809,Akron,OH,Light Snow,19.9,3.0,False,False,17,Wednesday
A-78,2,2016-02-10 21:05:16,41.47487,-81.72095,Cleveland,OH,Light Snow,21.9,1.8,False,False,21,Wednesday
A-79,4,2016-02-11 05:25:17,41.62845,-84.80559000000002,Angola,IN,Overcast,12.2,9.0,False,False,5,Thursday
A-80,4,2016-02-11 05:25:17,41.62894,-84.80373,Edon,OH,Overcast,12.2,9.0,False,False,5,Thursday
A-81,3,2016-02-11 05:35:40,41.16102,-81.78573,Medina,OH,Light Snow,14.0,9.0,False,False,5,Thursday
A-82,4,2016-02-11 06:25:19,41.628232,-84.808858,Angola,IN,Overcast,12.2,10.0,False,False,6,Thursday
A-83,4,2016-02-11 06:25:19,41.62986,-84.76619000000002,Edon,OH,Overcast,12.2,10.0,False,False,6,Thursday
A-84,2,2016-02-11 06:26:40,39.74729,-84.21426,Dayton,OH,Scattered Clouds,7.0,10.0,False,False,6,Thursday
A-85,2,2016-02-11 06:35:24,41.42099,-81.69051999999998,Cleveland,OH,Overcast,17.1,10.0,False,False,6,Thursday
A-86,3,2016-02-11 06:53:49,41.42318,-81.84674,Cleveland,OH,Mostly Cloudy,14.0,9.0,False,False,6,Thursday
A-87,3,2016-02-11 06:53:49,38.79691,-84.48273,De Mossville,KY,Overcast,12.0,10.0,False,False,6,Thursday
A-88,3,2016-02-11 06:53:49,38.80878,-84.49638,De Mossville,KY,Overcast,12.0,10.0,False,False,6,Thursday
A-89,3,2016-02-11 07:22:41,38.30155,-85.85499,New Albany,IN,Overcast,21.0,10.0,False,False,7,Thursday
A-90,2,2016-02-11 07:20:03,38.33667,-81.65623000000002,Charleston,WV,Mostly Cloudy,16.0,10.0,False,False,7,Thursday
A-91,2,2016-02-11 07:20:03,38.33614,-81.65623000000002,Charleston,WV,Mostly Cloudy,16.0,10.0,False,False,7,Thursday
A-92,2,2016-02-11 07:29:07,41.0961,-81.58593,Akron,OH,Light Snow,12.0,2.0,True,False,7,Thursday
A-93,3,2016-02-11 07:45:24,41.12155,-85.18715999999998,Fort Wayne,IN,Mostly Cloudy,15.1,10.0,False,False,7,Thursday
A-94,3,2016-02-11 07:45:23,38.829993,-80.667067,Burnsville,WV,Cloudy,12.0,10.0,False,False,7,Thursday
A-95,2,2016-02-11 07:47:57,40.05642,-83.03097,Columbus,OH,Overcast,9.0,10.0,False,False,7,Thursday
A-96,2,2016-02-11 07:47:57,41.37717,-81.5139,Bedford,OH,Overcast,18.0,10.0,False,False,7,Thursday
A-97,2,2016-02-11 07:58:15,39.17397,-84.49031,Cincinnati,OH,Clear,15.1,10.0,False,False,7,Thursday
A-98,2,2016-02-11 08:28:42,39.75513,-84.16614,Dayton,OH,Mostly Cloudy,9.1,10.0,False,False,8,Thursday
A-99,2,2016-02-11 08:40:21,39.17397,-84.49031,Cincinnati,OH,Clear,17.1,10.0,False,False,8,Thursday
A-100,2,2016-02-11 08:42:57,41.12624,-81.65299,Akron,OH,Unknown,12.0,9.0,False,False,8,Thursday
A-101,2,2016-02-11 08:47:51,38.33667,-81.65623000000002,Charleston,WV,Scattered Clouds,17.1,10.0,False,False,8,Thursday
A-102,2,2016-02-11 08:50:25,41.10389,-81.5,Akron,OH,Unknown,12.0,9.0,False,False,8,Thursday
A-103,2,2016-02-11 09:06:59,39.16417,-84.45275,Cincinnati,OH,Clear,17.1,10.0,False,False,9,Thursday
A-104,2,2016-02-11 09:37:48,40.11184,-83.00883,Columbus,OH,Overcast,15.1,10.0,False,False,9,Thursday
A-105,2,2016-02-11 09:41:40,38.31922,-85.75301999999998,Clarksville,IN,Clear,23.0,10.0,True,True,9,Thursday
A-106,3,2016-02-11 10:33:42,39.09881,-84.50801,Cincinnati,OH,Scattered Clouds,19.0,10.0,True,False,10,Thursday
A-107,3,2016-02-11 10:33:42,41.473859,-81.708409,Cleveland,OH,Overcast,19.0,9.0,False,False,10,Thursday
A-108,2,2016-02-11 11:42:07,41.039988,-81.565332,Akron,OH,Light Snow,16.0,2.0,False,False,11,Thursday
A-109,3,2016-02-11 12:02:32,41.73565,-84.99082,Fremont,IN,Mostly Cloudy,17.6,10.0,False,False,12,Thursday
A-110,2,2016-02-11 11:58:42,39.26566,-84.43965,Cincinnati,OH,Clear,21.0,10.0,False,False,11,Thursday
A-111,2,2016-02-11 12:12:31,41.46981,-81.81104,Lakewood,OH,Light Snow,16.0,2.0,False,False,12,Thursday
A-112,2,2016-02-11 13:25:43,41.25666,-81.63157,Richfield,OH,Light Snow,17.1,2.0,False,False,13,Thursday
A-113,2,2016-02-11 13:30:58,40.58919,-80.09885,Sewickley,PA,Mostly Cloudy,16.0,10.0,False,False,13,Thursday
A-114,2,2016-02-11 13:56:40,41.06356,-81.49078,Akron,OH,Overcast,19.0,10.0,False,True,13,Thursday
A-115,2,2016-02-11 13:56:40,41.06218,-81.50595,Akron,OH,Overcast,19.0,10.0,False,False,13,Thursday
A-116,2,2016-02-11 14:53:15,39.17736,-84.4873,Cincinnati,OH,Partly Cloudy,25.0,10.0,False,False,14,Thursday
A-117,2,2016-02-11 15:08:42,38.33956,-81.60991999999997,Charleston,WV,Mostly Cloudy,23.0,10.0,True,False,15,Thursday
A-118,2,2016-02-11 15:34:43,41.47889,-81.6934,Cleveland,OH,Light Snow,19.9,9.0,False,False,15,Thursday
A-119,2,2016-02-11 16:56:28,40.58919,-80.09885,Sewickley,PA,Mostly Cloudy,17.1,10.0,False,False,16,Thursday
A-120,2,2016-02-11 17:02:59,41.41119000000001,-81.64414000000002,Independence,OH,Light Snow,19.9,9.0,False,False,17,Thursday
A-121,2,2016-02-11 17:15:22,39.24907,-84.44561999999998,Cincinnati,OH,Clear,25.0,10.0,False,False,17,Thursday
A-122,2,2016-02-11 17:15:22,39.28775,-84.40073000000002,Cincinnati,OH,Scattered Clouds,25.0,10.0,False,False,17,Thursday
A-123,2,2016-02-11 17:16:39,41.47379,-81.89631,Westlake,OH,Light Snow,18.0,2.5,False,False,17,Thursday
A-124,2,2016-02-11 17:16:39,41.54941,-81.60676,Cleveland,OH,Light Snow,19.9,9.0,False,False,17,Thursday
A-125,2,2016-02-11 18:01:57,39.03347,-84.603,Erlanger,KY,Scattered Clouds,24.1,10.0,False,False,18,Thursday
A-126,2,2016-02-11 18:34:41,39.74903,-84.20106,Dayton,OH,Mostly Cloudy,18.0,10.0,True,False,18,Thursday
A-127,2,2016-02-11 18:33:23,39.89473,-83.044,Grove City,OH,Mostly Cloudy,16.5,10.0,False,False,18,Thursday
A-128,2,2016-02-11 19:11:02,39.19641,-84.47331,Cincinnati,OH,Clear,21.0,10.0,True,False,19,Thursday
A-129,2,2016-02-11 19:12:21,39.22461,-84.45364000000002,Cincinnati,OH,Clear,21.0,10.0,False,False,19,Thursday
A-130,2,2016-02-11 19:16:19,39.15306,-84.44283,Cincinnati,OH,Clear,21.0,10.0,False,False,19,Thursday
A-131,2,2016-02-11 19:21:41,39.97262,-82.98368,Columbus,OH,Mostly Cloudy,17.1,10.0,False,False,19,Thursday
A-132,4,2016-02-11 19:57:31,40.535447,-80.03596,Pittsburgh,PA,Scattered Clouds,12.9,10.0,False,False,19,Thursday
A-133,4,2016-02-11 19:57:31,40.529455,-80.03506999999998,Pittsburgh,PA,Scattered Clouds,12.9,10.0,False,False,19,Thursday
A-134,2,2016-02-11 19:58:48,41.49647,-81.67733,Cleveland,OH,Light Snow,19.0,9.0,False,False,19,Thursday
A-135,2,2016-02-11 20:09:17,41.0634,-81.49079,Akron,OH,Clear,9.0,10.0,False,False,20,Thursday
A-136,2,2016-02-11 20:58:41,39.74284,-84.20479,Dayton,OH,Scattered Clouds,17.1,10.0,True,False,20,Thursday
A-137,2,2016-02-12 10:07:44,41.46822,-81.9476,Westlake,OH,Overcast,17.1,10.0,False,False,10,Friday
A-138,4,2016-02-12 16:15:51,41.92479,-83.36026,Monroe,MI,Mostly Cloudy,23.0,10.0,False,False,16,Friday
A-139,4,2016-02-12 19:29:53,41.184738,-80.432713,West Middlesex,PA,Light Snow,17.6,9.0,False,False,19,Friday
A-140,4,2016-02-12 22:22:57,40.27317,-85.5577,Gaston,IN,Scattered Clouds,16.0,10.0,False,False,22,Friday
A-141,4,2016-02-12 22:26:48,39.98264,-85.14301999999998,Economy,IN,Partly Cloudy,16.0,10.0,False,False,22,Friday
A-142,4,2016-02-12 22:28:05,40.27317,-85.5577,Gaston,IN,Partly Cloudy,16.0,10.0,False,False,22,Friday
A-143,4,2016-02-12 22:28:05,40.42667,-85.54968000000002,Fairmount,IN,Scattered Clouds,15.3,10.0,False,False,22,Friday
A-144,4,2016-02-12 22:26:48,39.97527,-85.14018,Hagerstown,IN,Partly Cloudy,16.0,10.0,False,False,22,Friday
A-145,2,2016-02-12 23:04:14,39.09889,-84.52118,Cincinnati,OH,Light Snow,19.9,2.5,False,False,23,Friday
A-146,2,2016-02-12 23:04:14,38.88012,-84.62527,Walton,KY,Overcast,19.9,10.0,False,False,23,Friday
A-147,2,2016-02-12 23:04:14,38.79256,-84.60423,Crittenden,KY,Overcast,19.9,10.0,False,False,23,Friday
A-148,4,2016-02-13 04:56:20,39.74284,-84.20479,Dayton,OH,Overcast,10.0,10.0,True,False,4,Saturday
A-149,3,2016-02-13 07:14:41,40.484222,-80.13755400000002,Coraopolis,PA,Partly Cloudy,6.1,10.0,False,False,7,Saturday
A-150,3,2016-02-13 09:13:49,41.20104,-80.06859,Grove City,PA,Scattered Clouds,7.0,10.0,False,False,9,Saturday
A-151,4,2016-02-13 16:00:59,39.05528,-84.39072,Cincinnati,OH,Clear,19.9,10.0,False,False,16,Saturday
A-152,4,2016-02-13 18:06:41,41.623325,-83.692226,Holland,OH,Overcast,15.1,10.0,False,False,18,Saturday
A-153,3,2016-02-13 18:48:40,40.53024,-80.00957,Pittsburgh,PA,Scattered Clouds,7.0,10.0,False,True,18,Saturday
A-154,4,2016-02-13 22:20:43,40.06527,-82.99591,Columbus,OH,Clear,8.1,10.0,True,False,22,Saturday
A-155,4,2016-02-14 03:58:33,40.43954,-80.00971,Pittsburgh,PA,Clear,5.0,10.0,True,False,3,Sunday
A-156,4,2016-02-14 05:26:58,41.422004,-81.730092,Cleveland,OH,Scattered Clouds,3.0,10.0,False,False,5,Sunday
A-157,4,2016-02-14 16:30:40,39.3638,-85.51659000000002,Greensburg,IN,Snow,17.6,0.8,False,False,16,Sunday
A-158,4,2016-02-14 16:38:40,39.82083,-85.7749,Greenfield,IN,Overcast,17.6,1.0,False,False,16,Sunday
A-159,3,2016-02-14 17:40:17,40.0366,-85.72561999999998,Anderson,IN,Unknown,35.1,10.0,False,False,17,Sunday
A-160,4,2016-02-14 18:02:32,39.855691,-84.29079200000002,Englewood,OH,Light Snow,15.1,0.8,False,False,18,Sunday
A-161,3,2016-02-14 18:03:51,40.049152,-85.682047,Anderson,IN,Unknown,35.1,10.0,False,False,18,Sunday
A-162,4,2016-02-14 18:25:41,39.83939,-85.55752,Knightstown,IN,Overcast,17.6,10.0,False,False,18,Sunday
A-163,4,2016-02-15 02:01:29,40.13386,-80.00666,Bentleyville,PA,Overcast,19.4,10.0,False,False,2,Monday
A-164,4,2016-02-15 03:06:11,40.43954,-80.00971,Pittsburgh,PA,Overcast,21.9,10.0,True,False,3,Monday
A-165,4,2016-02-15 04:32:48,40.13386,-80.00666,Bentleyville,PA,Overcast,19.4,10.0,False,False,4,Monday
A-166,4,2016-02-15 05:10:51,40.13386,-80.00666,Bentleyville,PA,Overcast,21.2,10.0,False,False,5,Monday
A-167,2,2016-02-15 05:45:22,39.97859,-82.9763,Columbus,OH,Light Freezing Drizzle,21.9,5.0,False,False,5,Monday
A-168,2,2016-02-15 06:15:54,39.95459,-83.04255,Columbus,OH,Light Snow,22.8,3.0,False,False,6,Monday
A-169,4,2016-02-15 06:18:26,39.68291,-85.97372,Indianapolis,IN,Overcast,21.2,1.8,True,False,6,Monday
A-170,2,2016-02-15 06:37:42,38.49304,-85.77156,Memphis,IN,Overcast,30.9,2.0,False,False,6,Monday
A-171,4,2016-02-15 06:57:57,38.33428,-85.82177,New Albany,IN,Overcast,30.9,2.0,False,False,6,Monday
A-172,2,2016-02-15 07:01:46,39.99921,-83.02875,Columbus,OH,Overcast,24.1,2.5,False,False,7,Monday
A-173,3,2016-02-15 07:13:27,38.53844,-85.77702,Henryville,IN,Overcast,32.0,2.0,False,False,7,Monday
A-174,2,2016-02-15 07:14:44,38.1781,-85.71946,Louisville,KY,Light Drizzle,32.0,2.0,False,False,7,Monday
A-175,2,2016-02-15 07:14:44,39.87433,-82.99882,Columbus,OH,Overcast,25.2,1.2,False,False,7,Monday
A-176,4,2016-02-15 07:34:04,41.39546,-85.32855,Kendallville,IN,Overcast,21.2,2.0,False,False,7,Monday
A-177,4,2016-02-15 07:34:04,41.39469,-85.28893000000002,Avilla,IN,Overcast,21.2,2.0,False,False,7,Monday
A-178,3,2016-02-15 07:34:04,41.90473,-83.36986,Monroe,MI,Overcast,21.2,10.0,True,False,7,Monday
A-179,4,2016-02-15 08:54:54,40.77137000000001,-84.62203000000002,Ohio City,OH,Overcast,24.1,5.0,False,False,8,Monday
A-180,4,2016-02-15 08:54:54,40.80059,-84.61374,Van Wert,OH,Overcast,24.1,5.0,False,False,8,Monday
A-181,2,2016-02-15 10:06:20,39.87433,-82.99882,Columbus,OH,Overcast,28.9,7.0,False,False,10,Monday
A-182,4,2016-02-15 10:56:40,40.78593,-84.61787,Ohio City,OH,Overcast,27.0,10.0,False,False,10,Monday
A-183,4,2016-02-15 10:56:40,40.80059,-84.61374,Van Wert,OH,Overcast,27.0,10.0,False,False,10,Monday
A-184,2,2016-02-15 11:21:10,41.67487,-83.57266,Toledo,OH,Overcast,24.3,5.0,False,False,11,Monday
A-185,2,2016-02-15 12:26:40,41.47376,-81.86113,Rocky River,OH,Overcast,30.0,10.0,False,False,12,Monday
A-186,3,2016-02-15 13:03:46,38.33465,-85.75389,Clarksville,IN,Overcast,37.0,5.0,True,False,13,Monday
A-187,2,2016-02-15 14:07:41,39.14014,-84.53495,Cincinnati,OH,Overcast,35.1,2.0,False,False,14,Monday
A-188,3,2016-02-15 14:48:00,41.80143,-85.34888000000002,Sturgis,MI,Overcast,25.7,4.0,False,False,14,Monday
A-189,2,2016-02-15 16:21:40,41.35761,-81.81988,Cleveland,OH,Overcast,33.1,7.0,False,False,16,Monday
A-190,2,2016-02-15 16:38:32,39.34392,-84.39043000000002,West Chester,OH,Overcast,35.6,0.8,False,False,16,Monday
A-191,2,2016-02-15 19:02:45,39.816154,-83.18010500000003,Orient,OH,Overcast,33.1,1.8,False,False,19,Monday
A-192,4,2016-02-15 20:46:40,38.824929,-85.47449499999998,Madison,IN,Overcast,37.0,1.5,False,False,20,Monday
A-193,4,2016-02-15 20:46:40,38.82415,-85.63794,Deputy,IN,Overcast,32.0,3.0,False,False,20,Monday
A-194,4,2016-02-15 23:04:19,40.593244,-85.150017,Keystone,IN,Overcast,29.8,7.0,False,False,23,Monday
A-195,4,2016-02-15 23:04:19,40.600487,-85.150502,Keystone,IN,Overcast,29.8,7.0,False,False,23,Monday
A-196,4,2016-02-15 23:51:06,41.19362,-80.2374,Mercer,PA,Light Snow,30.2,2.0,True,False,23,Monday
A-197,4,2016-02-16 00:29:59,40.55267,-85.14974000000002,Bryant,IN,Overcast,30.9,4.0,False,False,0,Tuesday
A-198,4,2016-02-16 00:29:59,40.56744000000001,-85.14993,Pennville,IN,Overcast,30.9,4.0,False,False,0,Tuesday
A-199,4,2016-02-16 02:45:16,40.14212,-81.55153,Kimbolton,OH,Light Snow,34.0,0.8,False,False,2,Tuesday
A-200,2,2016-02-16 04:54:40,39.94397,-82.41127,Thornville,OH,Light Snow,34.0,2.0,False,False,4,Tuesday
A-201,2,2016-02-16 04:55:56,39.96893,-83.11922,Columbus,OH,Light Snow,32.2,3.0,False,False,4,Tuesday
A-202,2,2016-02-16 06:02:12,40.6126,-80.09494000000002,Wexford,PA,Clear,32.0,7.0,False,False,6,Tuesday
A-203,3,2016-02-16 06:09:59,40.11184,-83.00883,Columbus,OH,Overcast,33.1,5.0,False,False,6,Tuesday
A-204,2,2016-02-16 06:08:42,41.06347,-81.50372,Akron,OH,Light Snow,33.1,1.0,False,False,6,Tuesday
A-205,2,2016-02-16 07:40:21,39.972931,-85.965783,Fishers,IN,Overcast,30.2,5.0,False,False,7,Tuesday
A-206,2,2016-02-16 08:12:40,39.95459,-83.04255,Columbus,OH,Overcast,32.0,2.5,False,False,8,Tuesday
A-207,3,2016-02-16 08:11:18,40.11184,-83.00883,Columbus,OH,Overcast,32.0,3.0,False,False,8,Tuesday
A-208,2,2016-02-16 08:17:49,39.97241,-82.84695,Columbus,OH,Overcast,32.0,5.0,False,False,8,Tuesday
A-209,2,2016-02-16 08:23:57,39.9912,-85.9188,Noblesville,IN,Overcast,28.4,4.0,False,False,8,Tuesday
A-210,2,2016-02-16 08:59:39,41.34965,-81.51146,Macedonia,OH,Unknown,35.1,10.0,False,False,8,Tuesday
A-211,4,2016-02-16 08:59:39,41.11987,-80.69004,Youngstown,OH,Light Freezing Drizzle,30.0,0.8,False,False,8,Tuesday
A-212,4,2016-02-16 08:59:39,41.11851,-80.69242,Youngstown,OH,Light Freezing Drizzle,30.0,0.8,False,False,8,Tuesday
A-213,2,2016-02-16 08:59:39,40.05642,-83.03097,Columbus,OH,Overcast,32.0,2.5,False,False,8,Tuesday
A-214,2,2016-02-16 09:01:58,38.117487,-85.760397,Fairdale,KY,Overcast,34.0,0.5,False,False,9,Tuesday
A-215,2,2016-02-16 09:13:17,41.44134,-81.65055,Cleveland,OH,Light Snow,32.0,1.0,False,False,9,Tuesday
A-216,2,2016-02-16 09:18:13,38.61531,-80.76034,Sutton,WV,Light Snow,33.0,0.75,False,False,9,Tuesday
A-217,4,2016-02-16 09:32:26,41.124052,-80.677589,Youngstown,OH,Light Snow,30.0,1.5,False,False,9,Tuesday
A-218,2,2016-02-16 09:41:14,39.95085,-82.94428,Columbus,OH,Overcast,32.0,5.0,False,False,9,Tuesday
A-219,2,2016-02-16 09:54:12,41.06257,-81.52228000000002,Akron,OH,Light Snow,34.0,1.2,False,False,9,Tuesday
A-220,2,2016-02-16 09:58:03,40.11212,-83.03905999999998,Columbus,OH,Overcast,33.1,2.5,False,False,9,Tuesday
A-221,2,2016-02-16 10:05:57,39.887033,-83.043909,Grove City,OH,Light Snow,32.0,0.8,False,False,10,Tuesday
A-222,2,2016-02-16 10:12:23,40.04916,-83.03336,Columbus,OH,Overcast,32.0,1.8,False,False,10,Tuesday
A-223,2,2016-02-16 11:46:40,41.12906,-85.1612,Fort Wayne,IN,Light Freezing Drizzle,28.9,8.0,False,False,11,Tuesday
A-224,2,2016-02-16 11:46:40,41.17798,-85.10323000000002,Fort Wayne,IN,Haze,30.2,5.0,False,False,11,Tuesday
A-225,2,2016-02-16 12:08:17,38.08783,-83.90263,Mount Sterling,KY,Overcast,33.8,5.0,False,False,12,Tuesday
A-226,2,2016-02-16 12:18:42,41.63316,-83.54203000000003,Toledo,OH,Haze,30.9,5.0,False,False,12,Tuesday
A-227,2,2016-02-16 12:40:34,39.149639,-84.539381,Cincinnati,OH,Overcast,36.0,10.0,False,False,12,Tuesday
A-228,4,2016-02-16 13:47:40,40.9605,-85.3528,Roanoke,IN,Overcast,30.0,10.0,False,False,13,Tuesday
A-229,4,2016-02-16 13:47:40,40.96051,-85.34522,Roanoke,IN,Overcast,30.0,10.0,False,False,13,Tuesday
A-230,2,2016-02-16 14:36:56,41.08204,-80.64846999999997,Youngstown,OH,Overcast,30.9,3.0,True,False,14,Tuesday
A-231,2,2016-02-16 14:38:16,41.61791,-83.54106999999998,Northwood,OH,Overcast,32.0,9.0,False,False,14,Tuesday
A-232,2,2016-02-16 15:26:16,38.41592,-82.3465,Huntington,WV,Overcast,36.0,10.0,True,False,15,Tuesday
A-233,2,2016-02-16 15:46:00,41.67571,-83.69385,Toledo,OH,Overcast,30.2,10.0,False,False,15,Tuesday
A-234,2,2016-02-16 16:25:43,39.08272,-84.52264,Covington,KY,Scattered Clouds,37.9,10.0,False,False,16,Tuesday
A-235,2,2016-02-16 16:42:32,39.280947,-80.278075,Bridgeport,WV,Overcast,34.0,4.0,False,True,16,Tuesday
A-236,2,2016-02-16 16:43:51,38.36387,-81.73867,Dunbar,WV,Overcast,36.0,10.0,False,False,16,Tuesday
A-237,2,2016-02-16 16:47:47,40.0187,-82.90465999999998,Columbus,OH,Overcast,32.0,7.0,False,False,16,Tuesday
A-238,3,2016-02-16 17:45:19,41.53757,-81.64083000000002,Cleveland,OH,Overcast,30.9,6.0,False,False,17,Tuesday
A-239,3,2016-02-16 18:13:50,41.16522,-81.47454,Stow,OH,Overcast,32.0,8.0,False,False,18,Tuesday
A-240,4,2016-02-16 18:13:50,39.52352,-82.02360999999998,Glouster,OH,Overcast,32.4,7.0,False,False,18,Tuesday
A-241,4,2016-02-16 18:13:50,39.517216,-82.025802,Glouster,OH,Overcast,32.4,7.0,False,False,18,Tuesday
A-242,4,2016-02-17 00:52:54,40.322818,-83.071034,Delaware,OH,Overcast,28.4,10.0,False,False,0,Wednesday
A-243,4,2016-02-17 01:46:49,41.73565,-84.99082,Fremont,IN,Overcast,28.4,6.0,False,False,1,Wednesday
A-244,4,2016-02-17 04:16:32,39.14648,-84.45455,Cincinnati,OH,Overcast,28.0,5.0,False,False,4,Wednesday
A-245,3,2016-02-17 07:17:47,39.82122,-85.76482,Greenfield,IN,Overcast,30.2,7.0,False,False,7,Wednesday
A-246,2,2016-02-17 07:22:54,41.11889,-81.65406999999998,Akron,OH,Overcast,28.0,7.0,False,False,7,Wednesday
A-247,4,2016-02-17 07:57:01,40.121557,-83.151457,Dublin,OH,Overcast,30.0,3.0,False,False,7,Wednesday
A-248,4,2016-02-17 07:57:01,40.11017,-83.15876999999998,Dublin,OH,Overcast,30.0,3.0,False,False,7,Wednesday
A-249,2,2016-02-17 08:08:41,41.57777,-81.54987,Cleveland,OH,Light Snow,28.4,3.0,False,False,8,Wednesday
A-250,3,2016-02-17 08:15:04,40.121557,-83.151457,Dublin,OH,Overcast,30.0,3.0,False,False,8,Wednesday
A-251,3,2016-02-17 08:15:04,40.11017,-83.15876999999998,Dublin,OH,Overcast,30.0,3.0,False,False,8,Wednesday
A-252,2,2016-02-17 08:13:48,41.04592,-81.69463,Wadsworth,OH,Haze,28.0,6.0,True,False,8,Wednesday
A-253,2,2016-02-17 08:36:21,41.42099,-81.69051999999998,Cleveland,OH,Light Snow,30.9,4.0,False,False,8,Wednesday
A-254,2,2016-02-17 08:57:59,39.27486,-84.346,Cincinnati,OH,Overcast,32.0,4.0,False,False,8,Wednesday
A-255,2,2016-02-17 09:27:49,39.28266,-84.56742,Cincinnati,OH,Overcast,33.1,5.0,False,False,9,Wednesday
A-256,2,2016-02-17 10:27:18,39.9467,-82.22232,Heath,OH,Haze,32.0,4.0,False,False,10,Wednesday
A-257,2,2016-02-17 10:45:25,39.17397,-84.49031,Cincinnati,OH,Overcast,34.0,9.0,False,False,10,Wednesday
A-258,3,2016-02-17 10:54:38,39.17736,-84.4873,Cincinnati,OH,Overcast,34.0,9.0,False,False,10,Wednesday
A-259,2,2016-02-17 11:51:00,39.9467,-82.22232,Heath,OH,Haze,34.0,5.0,False,False,11,Wednesday
A-260,2,2016-02-17 12:47:59,39.9467,-82.22232,Heath,OH,Mostly Cloudy,36.0,10.0,False,False,12,Wednesday
A-261,2,2016-02-17 13:21:42,41.68518,-83.5678,Toledo,OH,Mostly Cloudy,32.4,10.0,False,False,13,Wednesday
A-262,2,2016-02-17 16:20:05,41.66572,-83.5652,Toledo,OH,Mostly Cloudy,32.7,10.0,False,False,16,Wednesday
A-263,2,2016-02-17 16:56:42,39.27125,-84.35176,Cincinnati,OH,Overcast,36.0,10.0,False,False,16,Wednesday
A-264,2,2016-02-17 17:04:42,41.47395,-81.69931,Cleveland,OH,Light Snow,28.9,9.0,False,False,17,Wednesday
A-265,4,2016-02-18 04:10:19,39.98505,-80.74006,Shadyside,OH,Overcast,24.1,10.0,False,False,4,Thursday
A-266,4,2016-02-18 04:10:19,39.95813,-80.76219,Shadyside,OH,Overcast,24.1,10.0,False,False,4,Thursday
A-267,2,2016-02-18 04:59:56,41.56544,-81.5835,Cleveland,OH,Clear,12.2,10.0,False,False,4,Thursday
A-268,2,2016-02-18 05:02:29,38.32587,-83.11389,Olive Hill,KY,Overcast,32.0,7.0,True,False,5,Thursday
A-269,2,2016-02-18 06:58:01,38.25869,-85.7622,Louisville,KY,Clear,25.0,5.0,False,False,6,Thursday
A-270,2,2016-02-18 06:58:01,38.29322,-85.654625,Louisville,KY,Clear,25.0,5.0,False,False,6,Thursday
A-271,2,2016-02-18 07:05:38,39.78609,-83.24606999999997,Orient,OH,Overcast,24.8,7.0,False,False,7,Thursday
A-272,2,2016-02-18 07:05:38,41.53968,-81.62795,Cleveland,OH,Clear,19.0,10.0,False,False,7,Thursday
A-273,2,2016-02-18 07:16:59,39.08927,-84.5227,Covington,KY,Overcast,28.0,10.0,False,False,7,Thursday
A-274,3,2016-02-18 07:18:16,38.25922,-85.76632,Louisville,KY,Partly Cloudy,27.0,2.5,False,False,7,Thursday
A-275,3,2016-02-18 07:24:49,41.55264,-81.60032,Cleveland,OH,Clear,18.0,10.0,False,False,7,Thursday
A-276,2,2016-02-18 08:02:46,39.02187,-84.50492,Latonia,KY,Overcast,28.0,5.0,False,False,8,Thursday
A-277,2,2016-02-18 08:13:46,41.06755,-81.57421,Akron,OH,Clear,8.1,3.0,True,False,8,Thursday
A-278,2,2016-02-18 08:10:12,40.49223,-80.01029,Pittsburgh,PA,Clear,18.0,10.0,False,False,8,Thursday
A-279,3,2016-02-18 08:32:39,41.48836,-81.66471,Cleveland,OH,Clear,19.9,10.0,False,False,8,Thursday
A-280,4,2016-02-18 08:32:39,39.95085,-82.94428,Columbus,OH,Scattered Clouds,28.0,7.0,False,False,8,Thursday
A-281,2,2016-02-18 08:32:39,41.42063,-81.80859,Cleveland,OH,Clear,16.0,10.0,False,False,8,Thursday
A-282,2,2016-02-18 08:37:45,41.06755,-81.57421,Akron,OH,Clear,10.9,6.0,True,False,8,Thursday
A-283,2,2016-02-18 08:45:20,40.82949,-81.39732,Canton,OH,Clear,17.1,8.0,False,False,8,Thursday
A-284,3,2016-02-18 08:49:18,41.40091,-81.81724,Brookpark,OH,Clear,16.0,10.0,False,False,8,Thursday
A-285,2,2016-02-18 08:55:31,41.13355,-85.13584,Fort Wayne,IN,Clear,24.8,10.0,False,False,8,Thursday
A-286,2,2016-02-18 09:05:40,38.870386,-84.624429,Walton,KY,Mostly Cloudy,30.0,5.0,False,False,9,Thursday
A-287,2,2016-02-18 09:33:40,41.47974,-81.6667,Cleveland,OH,Clear,24.1,10.0,False,False,9,Thursday
A-288,2,2016-02-18 09:47:43,40.30095,-80.16651999999998,Canonsburg,PA,Clear,24.8,10.0,False,False,9,Thursday
A-289,3,2016-02-18 10:26:34,39.11543,-84.50003000000002,Cincinnati,OH,Clear,37.0,10.0,False,False,10,Thursday
A-290,2,2016-02-18 10:38:15,41.1419,-81.47694,Cuyahoga Falls,OH,Clear,23.0,10.0,False,False,10,Thursday
A-291,2,2016-02-18 10:49:43,39.14917,-84.44711,Cincinnati,OH,Clear,37.0,10.0,False,False,10,Thursday
A-292,2,2016-02-18 10:57:30,39.81979000000001,-84.18908,Dayton,OH,Mostly Cloudy,36.0,8.0,False,False,10,Thursday
A-293,3,2016-02-18 11:02:38,39.84509,-84.1899,Dayton,OH,Mostly Cloudy,36.0,8.0,False,False,11,Thursday
A-294,2,2016-02-18 12:43:20,41.47461,-81.71181999999997,Cleveland,OH,Clear,28.9,10.0,False,False,12,Thursday
A-295,2,2016-02-18 15:21:14,39.17304,-84.47589,Cincinnati,OH,Clear,43.0,10.0,True,False,15,Thursday
A-296,2,2016-02-18 18:27:23,39.1021,-84.49754,Cincinnati,OH,Clear,39.9,10.0,False,False,18,Thursday
A-297,2,2016-02-18 19:06:41,41.49873,-81.67260999999998,Cleveland,OH,Clear,30.9,10.0,False,False,19,Thursday
A-298,2,2016-02-18 22:34:44,39.12627,-84.53509,Cincinnati,OH,Clear,39.9,10.0,True,False,22,Thursday
A-299,4,2016-02-19 03:08:50,41.47394600000001,-81.699011,Cleveland,OH,Overcast,33.1,10.0,False,False,3,Friday
A-300,2,2016-02-19 05:31:23,39.9745,-83.09654,Columbus,OH,Clear,35.1,10.0,False,False,5,Friday
A-301,2,2016-02-19 06:37:48,39.85911,-84.2808,Englewood,OH,Mostly Cloudy,43.0,10.0,False,False,6,Friday
A-302,3,2016-02-19 07:09:38,39.24943,-84.36541,Cincinnati,OH,Clear,42.1,10.0,False,False,7,Friday
A-303,2,2016-02-19 07:38:03,38.31179,-85.58773000000002,Louisville,KY,Clear,51.1,10.0,False,False,7,Friday
A-304,2,2016-02-19 07:38:03,39.27486,-84.346,Cincinnati,OH,Overcast,46.9,10.0,False,False,7,Friday
A-305,2,2016-02-19 08:17:41,39.29287,-84.31981,Cincinnati,OH,Overcast,46.9,10.0,False,False,8,Friday
A-306,2,2016-02-19 08:44:19,39.15267,-84.5395,Cincinnati,OH,Mostly Cloudy,48.0,10.0,False,False,8,Friday
A-307,2,2016-02-19 09:00:47,41.4675,-81.49014,Beachwood,OH,Overcast,37.4,10.0,False,False,9,Friday
A-308,3,2016-02-19 09:02:04,39.26661,-84.35605,Cincinnati,OH,Mostly Cloudy,48.0,10.0,False,False,9,Friday
A-309,3,2016-02-19 10:09:15,39.27125,-84.35176,Cincinnati,OH,Mostly Cloudy,53.1,10.0,False,False,10,Friday
A-310,3,2016-02-19 11:32:06,38.20674,-85.74846,Louisville,KY,Mostly Cloudy,64.0,10.0,False,False,11,Friday
A-311,2,2016-02-19 11:32:06,40.13804,-82.97112,Columbus,OH,Partly Cloudy,50.0,10.0,True,False,11,Friday
A-312,3,2016-02-19 11:37:18,41.47965,-81.66758,Cleveland,OH,Partly Cloudy,48.9,10.0,False,False,11,Friday
A-313,2,2016-02-19 12:08:46,39.08887,-84.52271,Covington,KY,Clear,61.0,10.0,False,False,12,Friday
A-314,2,2016-02-19 12:21:43,41.6882,-83.64064,Toledo,OH,Overcast,53.6,10.0,False,False,12,Friday
A-315,2,2016-02-19 13:43:55,40.06527,-82.99591,Columbus,OH,Clear,57.0,10.0,True,False,13,Friday
A-316,2,2016-02-19 14:12:42,39.86536,-84.05238,Dayton,OH,Overcast,61.7,10.0,False,False,14,Friday
A-317,2,2016-02-19 14:35:59,38.420223,-82.293065,Huntington,WV,Clear,64.0,10.0,False,False,14,Friday
A-318,2,2016-02-19 14:58:17,41.47414000000001,-81.69893,Cleveland,OH,Overcast,54.0,10.0,False,False,14,Friday
A-319,2,2016-02-19 14:58:17,41.47542,-81.68721,Cleveland,OH,Overcast,54.0,10.0,False,False,14,Friday
A-320,2,2016-02-19 15:28:40,40.07297,-83.1347,Dublin,OH,Mostly Cloudy,60.1,10.0,False,False,15,Friday
A-321,2,2016-02-19 15:46:39,40.05609000000001,-80.679211,Wheeling,WV,Overcast,60.1,10.0,False,False,15,Friday
A-322,2,2016-02-19 16:01:01,38.19105,-85.71902,Louisville,KY,Overcast,64.9,10.0,False,False,16,Friday
A-323,2,2016-02-19 16:03:40,38.25454000000001,-85.71969,Louisville,KY,Overcast,64.9,10.0,False,False,16,Friday
A-324,2,2016-02-19 16:06:14,39.171694,-84.494399,Cincinnati,OH,Scattered Clouds,64.9,10.0,False,False,16,Friday
A-325,2,2016-02-19 16:04:58,41.06239,-81.52229,Akron,OH,Overcast,52.0,10.0,False,False,16,Friday
A-326,2,2016-02-19 16:12:42,39.259254,-84.440978,Cincinnati,OH,Clear,66.9,10.0,False,False,16,Friday
A-327,2,2016-02-19 16:34:40,39.905178,-82.895471,Columbus,OH,Overcast,57.9,10.0,False,False,16,Friday
A-328,4,2016-02-19 16:31:59,40.0988,-83.13331,Dublin,OH,Clear,60.1,10.0,False,False,16,Friday
A-329,2,2016-02-19 16:51:57,41.33991,-81.81739,Strongsville,OH,Overcast,54.0,10.0,False,False,16,Friday
A-330,2,2016-02-19 17:52:57,40.0999,-82.92089,Westerville,OH,Mostly Cloudy,57.9,10.0,False,False,17,Friday
A-331,2,2016-02-19 18:21:08,39.4728,-80.11963,Fairmont,WV,Overcast,57.0,10.0,False,False,18,Friday
A-332,4,2016-02-19 18:32:58,41.46631,-81.77065999999998,Cleveland,OH,Partly Cloudy,54.0,10.0,False,False,18,Friday
A-333,2,2016-02-19 19:28:39,38.34109,-81.70017,Charleston,WV,Overcast,63.0,10.0,False,False,19,Friday
A-334,4,2016-02-19 19:32:33,41.160072,-85.232647,Fort Wayne,IN,Mostly Cloudy,55.9,10.0,False,False,19,Friday
A-335,4,2016-02-19 19:32:32,41.163626,-85.24482900000002,Fort Wayne,IN,Mostly Cloudy,55.9,10.0,False,False,19,Friday
A-336,2,2016-02-19 20:16:00,39.14014,-84.53495,Cincinnati,OH,Clear,60.1,10.0,False,False,20,Friday
A-337,4,2016-02-19 20:26:07,40.94537,-81.15473,Alliance,OH,Mostly Cloudy,50.0,10.0,False,False,20,Friday
A-338,4,2016-02-19 20:23:49,41.68591,-83.911307,Metamora,OH,Overcast,55.9,10.0,False,False,20,Friday
A-339,4,2016-02-19 20:23:49,41.704523,-83.9136,Metamora,OH,Overcast,55.9,10.0,False,False,20,Friday
A-340,4,2016-02-19 20:26:07,40.945772,-81.17219399999998,Alliance,OH,Mostly Cloudy,50.0,10.0,False,True,20,Friday
A-341,4,2016-02-20 08:49:24,38.82445,-82.98299,Portsmouth,OH,Clear,54.0,10.0,False,False,8,Saturday
A-342,4,2016-02-20 08:49:24,38.84111,-82.98432,Lucasville,OH,Clear,54.0,10.0,False,False,8,Saturday
A-343,2,2016-02-20 12:52:32,39.00079,-84.42043000000002,Newport,KY,Clear,69.1,10.0,False,True,12,Saturday
A-344,4,2016-02-20 14:11:27,39.96071,-85.35383,New Castle,IN,Clear,68.0,10.0,False,False,14,Saturday
A-345,3,2016-02-21 04:12:45,39.2675,-81.49929,Parkersburg,WV,Overcast,57.0,10.0,False,False,4,Sunday
A-346,4,2016-02-21 06:39:41,40.27317,-85.5577,Gaston,IN,Clear,37.0,10.0,False,False,6,Sunday
A-347,4,2016-02-21 06:39:41,40.42667,-85.54968000000002,Fairmount,IN,Clear,34.9,10.0,False,False,6,Sunday
A-348,3,2016-02-21 09:27:15,38.130782,-81.388878,Hansford,WV,Rain,52.0,1.0,False,False,9,Sunday
A-349,2,2016-02-21 09:51:39,38.545195,-85.778613,Henryville,IN,Rain,57.0,2.0,False,False,9,Sunday
A-350,2,2016-02-21 12:30:41,38.362427,-81.714434,South Charleston,WV,Light Rain,54.0,7.0,False,False,12,Sunday
A-351,3,2016-02-21 21:06:59,38.39115,-81.58664,Charleston,WV,Light Rain,51.1,8.0,False,False,21,Sunday
A-352,4,2016-02-22 02:45:47,40.08978,-82.98725999999998,Columbus,OH,Overcast,32.0,10.0,False,False,2,Monday
A-353,3,2016-02-22 02:57:01,40.0122,-82.99188000000002,Columbus,OH,Clear,30.0,10.0,False,False,2,Monday
A-354,2,2016-02-22 06:12:58,41.68918,-83.53681999999998,Toledo,OH,Mostly Cloudy,26.2,10.0,False,False,6,Monday
A-355,2,2016-02-22 07:26:37,39.3781,-84.365,Middletown,OH,Clear,34.2,10.0,False,False,7,Monday
A-356,3,2016-02-22 08:00:43,39.11919,-84.53539,Cincinnati,OH,Clear,32.0,10.0,False,False,8,Monday
A-357,4,2016-02-22 07:56:54,39.05029,-83.77673,Sardinia,OH,Clear,32.2,10.0,False,False,7,Monday
A-358,4,2016-02-22 07:56:54,39.04827,-83.77199,Sardinia,OH,Clear,32.2,10.0,False,False,7,Monday
A-359,2,2016-02-22 08:42:31,40.0717,-82.90821,Columbus,OH,Scattered Clouds,35.1,10.0,False,False,8,Monday
A-360,2,2016-02-22 08:41:15,39.09655,-84.48312,Newport,KY,Clear,35.1,10.0,False,False,8,Monday
A-361,2,2016-02-22 09:29:41,40.43077,-80.02638,Pittsburgh,PA,Clear,39.0,10.0,False,False,9,Monday
A-362,4,2016-02-22 09:32:16,41.443708,-85.19285,Corunna,IN,Overcast,33.8,7.0,False,False,9,Monday
A-363,4,2016-02-22 09:32:16,41.438119,-85.15969399999999,Corunna,IN,Overcast,33.8,7.0,False,False,9,Monday
A-364,2,2016-02-22 12:04:05,41.46747,-81.75909,Cleveland,OH,Partly Cloudy,39.0,10.0,False,False,12,Monday
A-365,4,2016-02-22 14:44:18,39.044435,-84.465864,Newport,KY,Clear,48.9,10.0,False,False,14,Monday
A-366,4,2016-02-22 16:27:27,39.22461,-84.45364000000002,Cincinnati,OH,Clear,48.9,10.0,False,False,16,Monday
A-367,4,2016-02-22 16:40:27,41.104217,-81.499987,Akron,OH,Clear,46.0,10.0,False,False,16,Monday
A-368,4,2016-02-22 16:39:09,41.1003,-81.4999,Akron,OH,Clear,46.0,10.0,False,False,16,Monday
A-369,3,2016-02-22 17:24:07,39.1021,-84.49754,Cincinnati,OH,Clear,46.9,10.0,False,False,17,Monday
A-370,2,2016-02-22 17:24:07,41.46375,-81.69353000000002,Cleveland,OH,Clear,33.1,10.0,False,False,17,Monday
A-371,3,2016-02-22 19:35:52,41.52134,-83.45642,Perrysburg,OH,Clear,30.0,10.0,False,False,19,Monday
A-372,3,2016-02-22 19:35:52,41.52549000000001,-83.46344,Perrysburg,OH,Clear,30.0,10.0,False,False,19,Monday
A-373,2,2016-02-22 21:02:39,41.43166,-81.68160999999998,Cleveland,OH,Clear,30.9,10.0,False,False,21,Monday
A-374,3,2016-02-22 21:39:41,38.22363,-85.50532,Louisville,KY,Clear,46.0,10.0,True,False,21,Monday
A-375,4,2016-02-22 21:44:41,40.85466,-81.41646999999998,Canton,OH,Partly Cloudy,30.9,10.0,True,False,21,Monday
A-376,3,2016-02-22 22:33:49,38.22272,-85.50111,Louisville,KY,Clear,44.1,10.0,False,False,22,Monday
A-377,2,2016-02-23 01:09:12,39.12424,-84.53501,Cincinnati,OH,Clear,36.0,10.0,False,False,1,Tuesday
A-378,2,2016-02-23 03:12:38,39.09858,-84.51974,Cincinnati,OH,Clear,34.0,10.0,False,False,3,Tuesday
A-379,2,2016-02-23 05:15:04,39.63551,-84.19519,Dayton,OH,Clear,30.0,10.0,False,False,5,Tuesday
A-380,2,2016-02-23 07:20:37,40.39715,-80.10368000000003,Carnegie,PA,Overcast,39.9,10.0,False,False,7,Tuesday
A-381,3,2016-02-23 07:20:37,41.56709,-81.57816,Cleveland,OH,Clear,28.4,20.0,False,False,7,Tuesday
A-382,4,2016-02-23 07:39:43,41.18225,-84.94275999999998,New Haven,IN,Partly Cloudy,26.1,10.0,False,False,7,Tuesday
A-383,2,2016-02-23 08:11:54,39.10148,-84.52341,Cincinnati,OH,Clear,30.9,10.0,True,False,8,Tuesday
A-384,2,2016-02-23 08:15:48,41.55245,-83.60061999999998,Perrysburg,OH,Clear,30.0,10.0,False,False,8,Tuesday
A-385,2,2016-02-23 08:57:46,38.52006,-81.35221,Clendenin,WV,Mostly Cloudy,46.9,10.0,False,False,8,Tuesday
A-386,4,2016-02-23 10:20:42,41.3513,-83.62276,Bowling Green,OH,Clear,36.0,10.0,False,False,10,Tuesday
A-387,2,2016-02-23 10:20:42,39.25015,-81.30566,Waverly,WV,Partly Cloudy,46.0,10.0,False,False,10,Tuesday
A-388,4,2016-02-23 10:36:22,41.345031,-82.285379,Amherst,OH,Clear,39.0,10.0,False,False,10,Tuesday
A-389,4,2016-02-23 10:36:22,41.351335,-82.26144599999998,Amherst,OH,Clear,39.0,10.0,False,False,10,Tuesday
A-390,3,2016-02-23 11:46:55,38.38457,-81.804429,Saint Albans,WV,Mostly Cloudy,55.9,10.0,False,False,11,Tuesday
A-391,3,2016-02-23 12:06:08,40.41528,-80.01234000000002,Pittsburgh,PA,Overcast,50.0,10.0,False,False,12,Tuesday
A-392,3,2016-02-23 12:28:57,40.03598,-83.12479,Hilliard,OH,Clear,50.0,10.0,False,False,12,Tuesday
A-393,2,2016-02-23 13:43:09,41.03669,-81.50492,Akron,OH,Clear,51.1,10.0,False,False,13,Tuesday
A-394,2,2016-02-23 13:50:19,41.68971,-83.53045999999998,Toledo,OH,Clear,39.2,10.0,False,False,13,Tuesday
A-395,4,2016-02-23 14:28:22,39.587784,-83.723939,Jamestown,OH,Clear,55.9,10.0,False,False,14,Tuesday
A-396,4,2016-02-23 14:28:22,39.626237,-83.73105,Jamestown,OH,Clear,55.9,10.0,False,False,14,Tuesday
A-397,3,2016-02-23 15:37:20,41.06243,-81.49904000000002,Akron,OH,Partly Cloudy,52.0,10.0,False,False,15,Tuesday
A-398,3,2016-02-23 15:59:20,39.97262,-82.98368,Columbus,OH,Scattered Clouds,54.0,10.0,False,False,15,Tuesday
A-399,2,2016-02-23 15:59:20,39.93658,-83.00941999999998,Columbus,OH,Scattered Clouds,55.4,10.0,False,False,15,Tuesday
A-400,3,2016-02-23 16:00:41,41.208579,-82.807829,Bellevue,OH,Unknown,35.1,10.0,False,False,16,Tuesday
A-401,3,2016-02-23 16:31:26,41.4051,-81.8184,Brookpark,OH,Mostly Cloudy,36.0,10.0,False,False,16,Tuesday
A-402,3,2016-02-23 16:47:43,39.29035,-84.39078,Cincinnati,OH,Clear,55.0,10.0,False,False,16,Tuesday
A-403,3,2016-02-23 17:16:53,39.90524,-82.89541,Columbus,OH,Mostly Cloudy,54.0,10.0,False,False,17,Tuesday
A-404,2,2016-02-23 17:32:38,40.04376,-82.99708000000003,Columbus,OH,Overcast,53.1,10.0,False,False,17,Tuesday
A-405,2,2016-02-23 17:53:39,39.98793,-82.98568,Columbus,OH,Overcast,53.1,10.0,False,False,17,Tuesday
A-406,4,2016-02-23 18:04:18,41.874915,-85.409527,Sturgis,MI,Clear,40.1,10.0,False,False,18,Tuesday
A-407,4,2016-02-23 18:04:18,41.890234,-85.409642,Burr Oak,MI,Clear,40.1,10.0,False,False,18,Tuesday
A-408,2,2016-02-23 18:15:11,39.9335,-82.78939,Pickerington,OH,Overcast,52.0,10.0,False,False,18,Tuesday
A-409,2,2016-02-23 18:28:41,40.04916,-83.03336,Columbus,OH,Overcast,51.1,10.0,False,False,18,Tuesday
A-410,3,2016-02-23 18:29:56,39.99493,-82.93332,Columbus,OH,Overcast,52.0,10.0,False,False,18,Tuesday
A-411,3,2016-02-23 21:51:52,39.83727,-83.09326999999998,Grove City,OH,Mostly Cloudy,46.2,10.0,True,False,21,Tuesday
A-412,2,2016-02-24 06:22:11,40.98954000000001,-81.49372,Akron,OH,Rain,39.9,4.0,False,False,6,Wednesday
A-413,3,2016-02-24 06:33:07,38.53844,-85.77702,Henryville,IN,Rain,48.9,10.0,False,False,6,Wednesday
A-414,2,2016-02-24 07:15:37,41.10389,-81.5,Akron,OH,Rain,39.9,4.0,False,False,7,Wednesday
A-415,3,2016-02-24 07:22:49,38.577894,-85.77896,Henryville,IN,Light Rain,52.0,7.0,False,False,7,Wednesday
A-416,2,2016-02-24 07:22:49,41.42099,-81.69051999999998,Cleveland,OH,Rain,34.0,2.5,False,False,7,Wednesday
A-417,3,2016-02-24 07:22:49,38.58054600000001,-85.77866,Henryville,IN,Light Rain,52.0,7.0,False,False,7,Wednesday
A-418,4,2016-02-24 07:36:18,39.833935,-84.061832,Dayton,OH,Rain,41.0,3.0,False,False,7,Wednesday
A-419,2,2016-02-24 07:45:08,38.30344,-85.88893,New Albany,IN,Overcast,52.0,7.0,False,False,7,Wednesday
A-420,4,2016-02-24 07:54:35,39.93654,-83.40048,London,OH,Rain,42.8,5.0,False,False,7,Wednesday
A-421,4,2016-02-24 07:54:35,39.95612,-83.37499,London,OH,Rain,42.8,5.0,False,False,7,Wednesday
A-422,2,2016-02-24 08:00:42,39.17766,-84.39780999999998,Cincinnati,OH,Overcast,48.9,10.0,True,False,8,Wednesday
A-423,2,2016-02-24 08:11:42,40.02155,-83.0354,Columbus,OH,Rain,43.0,5.0,True,False,8,Wednesday
A-424,4,2016-02-24 08:15:09,39.97518,-85.63374,Markleville,IN,Rain,32.0,2.0,False,False,8,Wednesday
A-425,4,2016-02-24 08:15:09,39.94576,-85.63454,Markleville,IN,Rain,32.0,2.0,False,False,8,Wednesday
A-426,2,2016-02-24 08:17:35,40.27744000000001,-85.72518000000002,Alexandria,IN,Rain,32.0,2.0,False,False,8,Wednesday
A-427,3,2016-02-24 08:26:08,39.17304,-84.47589,Cincinnati,OH,Overcast,50.0,10.0,True,False,8,Wednesday
A-428,2,2016-02-24 08:28:39,41.68648,-83.5669,Toledo,OH,Light Snow,32.4,4.0,False,False,8,Wednesday
A-429,4,2016-02-24 09:53:05,41.66267,-85.03312,Angola,IN,Unknown,30.2,2.5,True,False,9,Wednesday
A-430,2,2016-02-24 09:56:38,41.68976,-83.666,Toledo,OH,Light Snow,32.9,4.0,False,False,9,Wednesday
A-431,2,2016-02-24 10:14:38,39.94594,-82.9432,Columbus,OH,Light Rain,46.9,10.0,False,False,10,Wednesday
A-432,2,2016-02-24 10:20:40,41.4758,-81.66036,Cleveland,OH,Light Rain,36.0,3.0,False,False,10,Wednesday
A-433,4,2016-02-24 10:20:40,41.628312,-84.812135,Angola,IN,Unknown,30.2,1.0,False,False,10,Wednesday
A-434,3,2016-02-24 10:30:08,39.96724,-83.02459,Columbus,OH,Light Rain,48.9,6.0,False,False,10,Wednesday
A-435,2,2016-02-24 10:49:54,41.96429000000001,-83.35018000000002,Monroe,MI,Light Rain,33.8,5.0,False,False,10,Wednesday
A-436,2,2016-02-24 11:14:18,41.282993,-83.638931,Portage,OH,Light Rain,35.1,1.5,False,False,11,Wednesday
A-437,2,2016-02-24 12:00:41,41.63126,-83.48336,Oregon,OH,Rain,35.1,1.2,False,False,12,Wednesday
A-438,4,2016-02-24 12:27:56,41.427584,-85.8495,Milford,IN,Light Snow,33.1,0.8,False,False,12,Wednesday
A-439,4,2016-02-24 12:27:57,41.471378,-85.839527,New Paris,IN,Light Snow,33.1,0.8,False,False,12,Wednesday
A-440,3,2016-02-24 12:36:23,41.46747,-81.75909,Cleveland,OH,Light Rain,39.0,1.8,False,False,12,Wednesday
A-441,2,2016-02-24 13:34:42,39.18364,-84.48373000000002,Cincinnati,OH,Overcast,57.9,10.0,False,False,13,Wednesday
A-442,2,2016-02-24 13:42:10,41.94495,-80.40234,Girard,PA,Light Rain,37.0,2.5,False,False,13,Wednesday
A-443,3,2016-02-24 14:18:53,39.53078,-84.310264,Franklin,OH,Light Rain,53.1,10.0,False,False,14,Wednesday
A-444,3,2016-02-24 16:03:13,41.438774,-81.80341999999997,Cleveland,OH,Overcast,41.0,2.5,False,False,16,Wednesday
A-445,2,2016-02-24 16:05:42,39.9838,-82.85656999999998,Columbus,OH,Overcast,55.9,8.0,False,False,16,Wednesday
A-446,2,2016-02-24 16:06:58,40.44413400000001,-80.028261,Pittsburgh,PA,Light Rain,55.9,2.5,False,True,16,Wednesday
A-447,3,2016-02-24 16:26:55,39.97727,-83.15445,Columbus,OH,Overcast,53.6,10.0,False,False,16,Wednesday
A-448,3,2016-02-24 16:26:55,39.9745,-83.09654,Columbus,OH,Overcast,53.6,10.0,False,False,16,Wednesday
A-449,3,2016-02-24 16:29:23,39.97865,-83.11698,Columbus,OH,Overcast,53.6,10.0,False,False,16,Wednesday
A-450,3,2016-02-24 16:30:38,39.97327,-83.12002,Columbus,OH,Overcast,53.6,10.0,False,False,16,Wednesday
A-451,2,2016-02-24 16:36:37,39.22571,-84.36832,Cincinnati,OH,Overcast,46.9,10.0,True,False,16,Wednesday
A-452,3,2016-02-24 16:36:37,39.986342,-83.118881,Columbus,OH,Overcast,53.6,10.0,False,False,16,Wednesday
A-453,2,2016-02-24 17:13:07,39.73629,-84.20489,Dayton,OH,Overcast,42.1,6.0,False,False,17,Wednesday
A-454,2,2016-02-24 17:30:40,41.4051,-81.8184,Brookpark,OH,Light Rain,46.4,2.0,False,False,17,Wednesday
A-455,3,2016-02-24 17:48:53,41.41101,-81.66634,Brooklyn Heights,OH,Mostly Cloudy,37.9,7.0,False,False,17,Wednesday
A-456,2,2016-02-24 18:04:38,39.24464,-84.44835,Cincinnati,OH,Light Rain,45.0,10.0,False,False,18,Wednesday
A-457,2,2016-02-24 18:04:38,40.11212,-83.03905999999998,Columbus,OH,Mostly Cloudy,52.0,10.0,False,False,18,Wednesday
A-458,2,2016-02-24 18:25:43,40.30095,-80.16651999999998,Canonsburg,PA,Clear,50.0,10.0,False,False,18,Wednesday
A-459,3,2016-02-24 18:55:21,41.49243,-81.67554,Cleveland,OH,Light Rain,37.9,2.0,True,False,18,Wednesday
A-460,2,2016-02-24 20:04:38,40.1827,-80.26148,Washington,PA,Mostly Cloudy,50.0,10.0,False,False,20,Wednesday
A-461,4,2016-02-25 01:54:24,39.95459,-83.04255,Columbus,OH,Overcast,32.5,5.0,False,False,1,Thursday
A-462,4,2016-02-25 06:14:20,39.97527,-85.14018,Hagerstown,IN,Overcast,33.1,7.0,False,False,6,Thursday
A-463,4,2016-02-25 06:14:20,39.98511,-85.14406,Economy,IN,Overcast,33.1,7.0,False,False,6,Thursday
A-464,3,2016-02-25 06:36:24,38.29514,-85.75655,Clarksville,IN,Overcast,36.0,10.0,False,False,6,Thursday
A-465,3,2016-02-25 07:27:52,39.93654,-83.40048,London,OH,Overcast,32.0,7.0,False,False,7,Thursday
A-466,2,2016-02-25 07:27:52,39.11543,-84.50003000000002,Cincinnati,OH,Light Snow,34.0,4.0,False,False,7,Thursday
A-467,2,2016-02-25 07:54:59,41.030684,-81.885739,Seville,OH,Overcast,30.9,6.0,False,False,7,Thursday
A-468,2,2016-02-25 08:52:42,41.43166,-81.68160999999998,Cleveland,OH,Light Snow,33.1,2.0,False,False,8,Thursday
A-469,3,2016-02-25 08:58:59,40.6664,-80.227514,Conway,PA,Overcast,32.0,10.0,False,False,8,Thursday
A-470,3,2016-02-25 08:58:59,40.67137,-80.22581,Freedom,PA,Overcast,32.0,10.0,False,False,8,Thursday
A-471,4,2016-02-25 09:06:29,41.305199,-81.438626,Twinsburg,OH,Light Snow,31.3,2.0,False,False,9,Thursday
A-472,4,2016-02-25 09:47:58,40.354252,-85.843032,Elwood,IN,Haze,31.6,1.5,False,False,9,Thursday
A-473,4,2016-02-25 09:47:58,40.402251,-85.842969,Fairmount,IN,Haze,31.6,1.5,False,False,9,Thursday
A-474,4,2016-02-25 10:07:45,41.26752000000001,-85.85673,Warsaw,IN,Light Snow,32.0,5.0,False,False,10,Thursday
A-475,2,2016-02-25 11:53:19,39.97307,-82.98405,Columbus,OH,Light Snow,34.0,5.0,False,False,11,Thursday
A-476,4,2016-02-25 13:13:48,39.9672,-81.28699999999998,Quaker City,OH,Light Snow,37.0,5.0,False,False,13,Thursday
A-477,4,2016-02-25 13:13:48,39.96392,-81.27197,Quaker City,OH,Light Snow,37.0,5.0,False,False,13,Thursday
A-478,2,2016-02-25 13:26:32,41.52631,-83.62123000000003,Perrysburg,OH,Light Snow,33.1,0.8,False,False,13,Thursday
A-479,2,2016-02-25 15:32:42,39.93292,-82.83025,Reynoldsburg,OH,Light Snow,33.8,2.5,False,False,15,Thursday
A-480,2,2016-02-25 15:42:44,39.08272,-84.52264,Covington,KY,Overcast,37.0,10.0,False,False,15,Thursday
A-481,2,2016-02-25 15:42:44,39.8552,-84.32502,Clayton,OH,Light Snow,33.1,1.8,False,False,15,Thursday
A-482,2,2016-02-25 15:50:16,41.65404,-85.70526,Middlebury,IN,Overcast,30.9,9.0,False,False,15,Thursday
A-483,2,2016-02-25 15:52:48,41.39465,-81.65326,Independence,OH,Snow,30.0,0.5,False,False,15,Thursday
A-484,2,2016-02-25 15:59:11,41.06211,-81.53053,Akron,OH,Light Snow,30.9,1.2,False,False,15,Thursday
A-485,2,2016-02-25 16:47:55,41.09598,-81.49976,Akron,OH,Snow,30.0,0.5,False,False,16,Thursday
A-486,4,2016-02-25 16:52:55,41.85222,-85.67843,Constantine,MI,Overcast,29.1,7.0,False,False,16,Thursday
A-487,3,2016-02-25 17:01:27,38.148808,-80.929665,Hico,WV,Light Snow,30.0,1.0,False,False,17,Thursday
A-488,4,2016-02-25 17:01:27,41.52447,-85.57791,Topeka,IN,Overcast,30.0,9.0,False,False,17,Thursday
A-489,4,2016-02-25 17:01:27,41.5105,-85.57781,Ligonier,IN,Overcast,30.0,9.0,False,False,17,Thursday
A-490,2,2016-02-25 17:35:17,39.90524,-82.89541,Columbus,OH,Light Snow,32.0,1.0,False,False,17,Thursday
A-491,2,2016-02-25 17:35:17,41.23598,-81.49325999999998,Hudson,OH,Light Snow,27.7,4.0,False,False,17,Thursday
A-492,2,2016-02-25 17:39:04,38.70101,-80.66483000000002,Sutton,WV,Snow,32.0,0.25,False,False,17,Thursday
A-493,3,2016-02-25 17:46:42,39.22498,-84.38094,Cincinnati,OH,Overcast,36.0,10.0,True,False,17,Thursday
A-494,3,2016-02-25 17:44:09,40.776023,-80.12718100000002,Zelienople,PA,Overcast,30.2,10.0,False,False,17,Thursday
A-495,4,2016-02-25 18:39:56,38.86027,-80.65729,Burnsville,WV,Light Snow,32.0,6.0,False,False,18,Thursday
A-496,2,2016-02-25 19:36:06,39.88203,-83.04748000000002,Grove City,OH,Overcast,32.2,10.0,False,False,19,Thursday
A-497,3,2016-02-25 19:58:08,39.89253400000001,-83.038786,Grove City,OH,Overcast,32.0,10.0,False,False,19,Thursday
A-498,4,2016-02-25 20:06:42,39.89698,-83.03428000000002,Grove City,OH,Overcast,32.0,10.0,True,False,20,Thursday
A-499,3,2016-02-26 10:43:39,41.67439,-83.693727,Toledo,OH,Overcast,29.8,10.0,False,False,10,Friday
A-500,3,2016-02-26 11:07:30,41.12999,-85.15503000000002,Fort Wayne,IN,Overcast,32.0,10.0,False,False,11,Friday
A-501,2,2016-02-26 12:41:25,39.09889,-84.52118,Cincinnati,OH,Overcast,36.0,10.0,False,False,12,Friday
A-502,2,2016-02-26 12:41:26,41.52631,-83.62123000000003,Perrysburg,OH,Mostly Cloudy,32.0,10.0,False,False,12,Friday
A-503,2,2016-02-26 12:41:25,39.088552,-84.522724,Covington,KY,Overcast,36.0,10.0,False,False,12,Friday
A-504,2,2016-02-26 12:56:31,39.95423,-82.98879000000002,Columbus,OH,Mostly Cloudy,32.0,10.0,False,False,12,Friday
A-505,2,2016-02-26 12:55:15,39.21018,-84.46345,Cincinnati,OH,Overcast,36.0,10.0,True,False,12,Friday
A-506,2,2016-02-26 12:56:31,39.95369,-82.96403000000002,Columbus,OH,Mostly Cloudy,32.0,10.0,False,False,12,Friday
A-507,2,2016-02-26 13:15:13,40.40934,-80.19247,Oakdale,PA,Mostly Cloudy,30.9,10.0,False,False,13,Friday
A-508,2,2016-02-26 13:15:13,40.44126,-80.19314,Oakdale,PA,Mostly Cloudy,30.9,10.0,False,False,13,Friday
A-509,3,2016-02-26 13:43:59,39.16161,-84.51375,Cincinnati,OH,Overcast,35.1,10.0,True,False,13,Friday
A-510,4,2016-02-26 14:34:31,39.16161,-84.51375,Cincinnati,OH,Overcast,36.0,10.0,True,False,14,Friday
A-511,4,2016-02-26 14:33:16,39.15141,-84.54061,Cincinnati,OH,Overcast,36.0,10.0,False,False,14,Friday
A-512,4,2016-02-26 14:59:46,39.75855,-85.13715,Milton,IN,Overcast,33.8,10.0,False,False,14,Friday
A-513,3,2016-02-26 12:55:26,41.67571,-83.69385,Toledo,OH,Scattered Clouds,31.3,10.0,False,False,12,Friday
A-514,2,2016-02-26 16:20:08,41.67571,-83.69385,Toledo,OH,Overcast,31.1,10.0,False,False,16,Friday
A-515,2,2016-02-26 16:20:08,39.28805,-84.37462,Cincinnati,OH,Overcast,37.0,10.0,False,False,16,Friday
A-516,2,2016-02-26 16:21:25,41.53618,-83.6176,Perrysburg,OH,Overcast,32.0,10.0,False,False,16,Friday
A-517,2,2016-02-26 17:39:38,39.07202,-84.51907,Covington,KY,Mostly Cloudy,36.0,10.0,False,False,17,Friday
A-518,4,2016-02-26 18:33:12,38.259133,-85.752672,Louisville,KY,Overcast,39.9,10.0,False,False,18,Friday
A-519,2,2016-02-26 20:13:53,40.44425,-80.02821,Pittsburgh,PA,Clear,27.0,10.0,False,True,20,Friday
A-520,2,2016-02-26 20:13:53,40.44278,-80.02468,Pittsburgh,PA,Clear,27.0,10.0,False,False,20,Friday
A-521,2,2016-02-27 13:12:08,38.30155,-85.85499,New Albany,IN,Clear,50.0,10.0,False,False,13,Saturday
A-522,3,2016-02-27 13:31:39,40.35405,-80.13756,Morgan,PA,Scattered Clouds,37.0,10.0,False,False,13,Saturday
A-523,3,2016-02-27 13:31:39,40.35449000000001,-80.13835999999998,Morgan,PA,Scattered Clouds,37.0,10.0,False,False,13,Saturday
A-524,3,2016-02-27 13:38:32,38.30344,-85.88893,New Albany,IN,Clear,52.0,10.0,False,False,13,Saturday
A-525,3,2016-02-27 17:00:39,41.08789,-83.66011,Findlay,OH,Clear,46.9,10.0,False,False,17,Saturday
A-526,4,2016-02-28 01:07:39,41.02454,-80.92163000000002,Berlin Center,OH,Clear,40.1,10.0,False,False,1,Sunday
A-527,4,2016-02-28 01:07:39,41.02413,-80.90579,North Jackson,OH,Partly Cloudy,39.0,10.0,False,False,1,Sunday
A-528,4,2016-02-28 09:36:53,39.08168,-84.7069,Hebron,KY,Clear,53.1,10.0,False,False,9,Sunday
A-529,2,2016-02-28 12:46:09,38.18539000000001,-85.81793,Louisville,KY,Partly Cloudy,66.9,10.0,False,False,12,Sunday
A-530,2,2016-02-28 14:17:06,39.27734,-84.86438000000003,West Harrison,IN,Partly Cloudy,64.0,10.0,False,False,14,Sunday
A-531,2,2016-02-29 09:32:37,39.16437,-84.43731,Cincinnati,OH,Overcast,41.0,10.0,False,False,9,Monday
A-532,2,2016-02-29 09:43:56,39.748585,-84.226084,Dayton,OH,Overcast,39.0,10.0,False,False,9,Monday
A-533,2,2016-02-29 12:59:31,39.4728,-80.11963,Fairmont,WV,Overcast,45.0,10.0,False,False,12,Monday
A-534,4,2016-02-29 14:46:39,41.187807,-80.149019,Mercer,PA,Mostly Cloudy,44.6,10.0,False,False,14,Monday
A-535,4,2016-02-29 14:46:40,41.19242,-80.15860500000002,Mercer,PA,Mostly Cloudy,44.6,10.0,False,False,14,Monday
A-536,2,2016-02-29 15:23:40,38.233483,-85.62671800000003,Louisville,KY,Clear,55.0,10.0,False,False,15,Monday
A-537,2,2016-02-29 16:11:39,38.33954,-81.609895,Charleston,WV,Partly Cloudy,54.0,10.0,True,False,16,Monday
A-538,3,2016-02-29 17:08:08,40.07297,-83.1347,Dublin,OH,Clear,52.0,10.0,False,False,17,Monday
A-539,2,2016-02-29 17:10:37,40.08402,-83.13046,Dublin,OH,Clear,52.0,10.0,False,True,17,Monday
A-540,3,2016-02-29 17:13:06,38.34631,-83.40449,Morehead,KY,Clear,55.4,10.0,False,False,17,Monday
A-541,3,2016-02-29 17:13:06,38.35382,-83.40553,Morehead,KY,Clear,55.4,10.0,False,False,17,Monday
A-542,2,2016-02-29 17:30:24,39.04416,-84.46656,Newport,KY,Clear,53.1,10.0,False,False,17,Monday
A-543,2,2016-02-29 17:38:55,38.41807,-81.54525,Charleston,WV,Partly Cloudy,54.0,10.0,False,False,17,Monday
A-544,2,2016-02-29 18:57:07,38.309401,-85.847643,New Albany,IN,Clear,55.0,10.0,True,False,18,Monday
A-545,2,2016-02-29 19:46:42,41.64679,-83.54913,Toledo,OH,Overcast,45.0,10.0,False,False,19,Monday
A-546,2,2016-02-29 21:41:22,38.198748,-85.733953,Louisville,KY,Partly Cloudy,48.9,10.0,False,False,21,Monday
A-547,2,2016-03-01 01:14:28,39.97401,-82.99355,Columbus,OH,Partly Cloudy,36.0,10.0,False,False,1,Tuesday
A-548,3,2016-03-01 04:50:12,39.17397,-84.49031,Cincinnati,OH,Clear,32.0,6.0,False,False,4,Tuesday
A-549,2,2016-03-01 06:23:52,41.68843,-83.56258000000003,Toledo,OH,Scattered Clouds,27.5,10.0,False,False,6,Tuesday
A-550,3,2016-03-01 07:04:07,41.67904,-83.5732,Toledo,OH,Overcast,27.5,10.0,False,False,7,Tuesday
A-551,2,2016-03-01 07:24:41,39.25249,-84.36493,Cincinnati,OH,Clear,33.1,10.0,False,False,7,Tuesday
A-552,3,2016-03-01 07:52:52,38.310736,-85.590395,Louisville,KY,Scattered Clouds,46.0,10.0,False,False,7,Tuesday
A-553,2,2016-03-01 08:13:26,41.46941,-81.80535,Cleveland,OH,Overcast,30.0,10.0,False,False,8,Tuesday
A-554,2,2016-03-01 09:36:12,38.20674,-85.74846,Louisville,KY,Overcast,55.9,10.0,False,False,9,Tuesday
A-555,2,2016-03-01 10:14:14,39.226317,-84.37107900000002,Cincinnati,OH,Light Rain,46.9,5.0,False,False,10,Tuesday
A-556,2,2016-03-01 11:39:26,41.68721,-83.55579,Toledo,OH,Overcast,32.0,10.0,False,False,11,Tuesday
A-557,2,2016-03-01 11:51:46,40.09775,-84.22926,Troy,OH,Overcast,50.0,10.0,False,False,11,Tuesday
A-558,3,2016-03-01 12:03:00,41.42147,-81.70682,Cleveland,OH,Clear,48.0,10.0,False,False,12,Tuesday
A-559,3,2016-03-01 12:22:23,38.29414600000001,-85.756847,Clarksville,IN,Light Rain,53.1,2.0,False,False,12,Tuesday
A-560,2,2016-03-01 13:42:36,39.17304,-84.47589,Cincinnati,OH,Heavy Rain,48.9,3.0,True,False,13,Tuesday
A-561,3,2016-03-01 14:07:48,38.15982,-84.67308,Midway,KY,Heavy Rain,57.0,3.0,False,False,14,Tuesday
A-562,3,2016-03-01 14:46:13,39.11675,-84.53355,Cincinnati,OH,Light Rain,51.1,7.0,False,False,14,Tuesday
A-563,2,2016-03-01 14:46:13,39.24943,-84.36541,Cincinnati,OH,Light Rain,51.1,7.0,False,False,14,Tuesday
A-564,2,2016-03-01 16:16:53,41.06146,-81.5049,Akron,OH,Overcast,55.9,10.0,False,False,16,Tuesday
A-565,2,2016-03-01 16:18:06,39.18364,-84.48373000000002,Cincinnati,OH,Rain,52.0,1.8,False,False,16,Tuesday
A-566,2,2016-03-01 16:15:37,39.98793,-82.98568,Columbus,OH,Heavy Rain,48.2,4.0,False,False,16,Tuesday
A-567,2,2016-03-01 16:16:53,39.95971,-83.04811,Columbus,OH,Rain,48.2,4.0,False,False,16,Tuesday
A-568,2,2016-03-01 16:14:22,39.1479,-84.53929000000002,Cincinnati,OH,Rain,52.0,1.8,False,False,16,Tuesday
A-569,2,2016-03-01 16:49:39,39.89555,-83.84997,Springfield,OH,Overcast,50.0,10.0,False,False,16,Tuesday
A-570,2,2016-03-01 16:47:08,39.99226,-82.98517,Columbus,OH,Light Rain,48.0,4.0,False,False,16,Tuesday
A-571,3,2016-03-01 17:01:39,39.40983,-82.97548,Chillicothe,OH,Light Rain,47.7,7.0,False,False,17,Tuesday
A-572,2,2016-03-01 17:15:08,40.6126,-80.09494000000002,Wexford,PA,Overcast,62.6,10.0,False,False,17,Tuesday
A-573,2,2016-03-01 17:34:06,39.22479000000001,-84.27783000000002,Loveland,OH,Overcast,49.6,10.0,False,False,17,Tuesday
A-574,2,2016-03-01 17:31:38,39.11675,-84.53355,Cincinnati,OH,Light Rain,48.9,10.0,False,False,17,Tuesday
A-575,3,2016-03-01 17:31:38,41.43869,-81.80554000000002,Cleveland,OH,Rain,46.0,2.5,False,False,17,Tuesday
A-576,2,2016-03-01 17:46:37,40.016819,-82.90411,Columbus,OH,Overcast,48.2,8.0,False,False,17,Tuesday
A-577,2,2016-03-01 17:42:50,39.09757000000001,-84.51666,Cincinnati,OH,Light Rain,48.9,10.0,True,False,17,Tuesday
A-578,2,2016-03-01 17:57:36,41.06247000000001,-81.52405,Akron,OH,Light Rain,48.0,3.0,False,False,17,Tuesday
A-579,2,2016-03-01 17:57:36,39.13219,-84.49464,Cincinnati,OH,Light Rain,48.9,10.0,False,False,17,Tuesday
A-580,3,2016-03-01 18:15:55,39.097654,-84.516019,Cincinnati,OH,Overcast,45.0,10.0,False,False,18,Tuesday
A-581,2,2016-03-02 09:52:29,41.34965,-81.51146,Macedonia,OH,Light Snow,21.9,0.5,False,False,9,Wednesday
A-582,2,2016-03-02 09:52:29,41.37717,-81.5139,Bedford,OH,Overcast,25.0,10.0,False,False,9,Wednesday
A-583,4,2016-03-02 10:14:38,40.12589000000001,-80.13661,Eighty Four,PA,Overcast,24.8,8.0,False,False,10,Wednesday
A-584,4,2016-03-02 10:14:38,40.13189000000001,-80.132407,Eighty Four,PA,Overcast,24.8,8.0,False,False,10,Wednesday
A-585,4,2016-03-02 11:28:12,40.00507,-83.1186,Columbus,OH,Overcast,28.4,10.0,False,False,11,Wednesday
A-586,4,2016-03-02 12:04:52,39.43794000000001,-82.53893000000002,Logan,OH,Light Snow,27.0,9.0,False,False,12,Wednesday
A-587,2,2016-03-02 12:28:45,39.12627,-84.53509,Cincinnati,OH,Partly Cloudy,34.0,10.0,True,False,12,Wednesday
A-588,3,2016-03-02 05:10:40,38.07759,-84.45711999999997,Lexington,KY,Overcast,28.9,9.0,False,False,5,Wednesday
A-589,3,2016-03-02 14:56:43,40.09079000000001,-82.90783,Westerville,OH,Overcast,32.0,10.0,False,False,14,Wednesday
A-590,2,2016-03-02 14:56:44,39.64731,-85.91696999999998,Fairland,IN,Clear,36.0,10.0,False,False,14,Wednesday
A-591,2,2016-03-02 15:07:47,39.08927,-84.5227,Covington,KY,Clear,37.0,10.0,False,False,15,Wednesday
A-592,2,2016-03-02 15:52:25,38.26109,-85.73695,Louisville,KY,Clear,39.0,10.0,False,False,15,Wednesday
A-593,2,2016-03-02 15:53:38,38.19785,-85.70445,Louisville,KY,Partly Cloudy,39.9,10.0,False,False,15,Wednesday
A-594,2,2016-03-02 16:10:42,39.05654000000001,-84.54283000000002,Covington,KY,Clear,37.0,10.0,False,False,16,Wednesday
A-595,2,2016-03-02 16:13:12,41.42413,-81.64519,Cleveland,OH,Overcast,26.1,10.0,False,False,16,Wednesday
A-596,2,2016-03-02 16:32:39,39.28638,-84.42706,Cincinnati,OH,Clear,37.0,10.0,False,False,16,Wednesday
A-597,2,2016-03-02 16:38:23,41.37499,-83.61635,Bowling Green,OH,Overcast,28.9,10.0,False,False,16,Wednesday
A-598,2,2016-03-02 16:38:23,41.06228,-81.50986999999998,Akron,OH,Overcast,28.0,10.0,False,False,16,Wednesday
A-599,3,2016-03-02 17:06:38,41.53907,-81.63354,Cleveland,OH,Mostly Cloudy,26.1,10.0,False,False,17,Wednesday
A-600,3,2016-03-02 17:07:53,40.04916,-83.03336,Columbus,OH,Scattered Clouds,32.0,10.0,False,False,17,Wednesday
A-601,3,2016-03-02 17:14:51,41.13613,-81.72196,Medina,OH,Overcast,25.0,9.0,False,False,17,Wednesday
A-602,2,2016-03-02 17:18:39,39.09891,-84.49181999999998,Newport,KY,Clear,37.0,10.0,False,False,17,Wednesday
A-603,3,2016-03-02 17:38:51,39.96268,-82.84305,Columbus,OH,Scattered Clouds,30.9,10.0,False,False,17,Wednesday
A-604,3,2016-03-02 17:40:05,39.17397,-84.49031,Cincinnati,OH,Clear,35.1,10.0,False,False,17,Wednesday
A-605,2,2016-03-02 18:29:43,39.16911,-84.42104,Cincinnati,OH,Clear,33.1,10.0,False,False,18,Wednesday
A-606,3,2016-03-02 18:51:41,39.003821,-80.391285,Horner,WV,Overcast,26.6,10.0,False,False,18,Wednesday
A-607,2,2016-03-02 20:16:10,39.17736,-84.4873,Cincinnati,OH,Clear,30.9,10.0,False,False,20,Wednesday
A-608,3,2016-03-02 20:23:38,39.14316,-84.47069,Cincinnati,OH,Clear,30.9,10.0,True,False,20,Wednesday
A-609,3,2016-03-02 20:34:22,39.2696,-84.34894,Cincinnati,OH,Clear,30.0,10.0,False,False,20,Wednesday
A-610,4,2016-03-02 20:50:31,40.521732,-81.64755,Sugarcreek,OH,Overcast,28.0,10.0,False,False,20,Wednesday
A-611,4,2016-03-02 20:50:31,40.513361,-81.651599,Sugarcreek,OH,Overcast,28.0,10.0,False,False,20,Wednesday
A-612,2,2016-03-02 21:39:23,41.52631,-83.62123000000003,Perrysburg,OH,Clear,24.1,10.0,False,False,21,Wednesday
A-613,4,2016-03-03 00:25:41,38.992607,-80.195782,Buckhannon,WV,Clear,21.2,10.0,False,False,0,Thursday
A-614,4,2016-03-03 05:07:40,38.839151,-82.152877,Gallipolis,OH,Cloudy,23.0,10.0,False,False,5,Thursday
A-615,3,2016-03-03 06:30:58,40.27675,-85.49916,Muncie,IN,Light Snow,30.0,4.0,False,False,6,Thursday
A-616,2,2016-03-03 06:40:43,40.52168,-80.13163,Sewickley,PA,Mostly Cloudy,19.0,10.0,False,False,6,Thursday
A-617,2,2016-03-03 07:11:09,39.83711,-84.54392,Lewisburg,OH,Light Snow,28.9,1.5,False,False,7,Thursday
A-618,3,2016-03-03 07:18:22,39.02296,-84.51784,Latonia,KY,Light Snow,30.0,2.0,False,False,7,Thursday
A-619,2,2016-03-03 07:18:22,38.455787,-81.88205,Scott Depot,WV,Mostly Cloudy,25.0,10.0,False,False,7,Thursday
A-620,2,2016-03-03 07:25:41,39.02397,-84.48039,Newport,KY,Light Snow,30.0,2.0,False,False,7,Thursday
A-621,2,2016-03-03 07:37:39,38.22433,-85.751,Louisville,KY,Light Rain,36.0,4.0,True,False,7,Thursday
A-622,3,2016-03-03 07:36:24,39.05973,-84.42438,Cincinnati,OH,Light Snow,30.0,2.0,False,False,7,Thursday
A-623,4,2016-03-03 07:46:09,39.27734,-84.86438000000003,West Harrison,IN,Overcast,30.2,7.0,False,False,7,Thursday
A-624,2,2016-03-03 08:10:50,41.47965,-81.66758,Cleveland,OH,Scattered Clouds,25.0,10.0,False,False,8,Thursday
A-625,2,2016-03-03 08:17:10,39.02257,-84.48631,Newport,KY,Light Snow,30.9,5.0,True,False,8,Thursday
A-626,2,2016-03-03 08:45:10,40.44846,-80.00755,Pittsburgh,PA,Mostly Cloudy,25.0,10.0,False,False,8,Thursday
A-627,2,2016-03-03 08:41:21,39.09891,-84.28556999999998,Cincinnati,OH,Light Snow,30.2,5.0,False,False,8,Thursday
A-628,3,2016-03-03 09:11:56,41.06026,-81.55485999999998,Akron,OH,Overcast,26.1,10.0,False,False,9,Thursday
A-629,4,2016-03-03 13:28:39,41.802758,-83.684687,Ottawa Lake,MI,Light Snow,30.2,1.8,False,False,13,Thursday
A-630,3,2016-03-03 13:48:11,38.0791,-83.94591,Mount Sterling,KY,Overcast,32.0,5.0,False,False,13,Thursday
A-631,3,2016-03-03 13:48:11,38.01846,-84.15159,Winchester,KY,Overcast,32.0,5.0,False,False,13,Thursday
A-632,3,2016-03-03 14:56:16,38.30344,-85.88893,New Albany,IN,Light Rain,39.0,10.0,False,False,14,Thursday
A-633,3,2016-03-03 15:08:39,38.84109,-85.81618,Crothersville,IN,Mostly Cloudy,35.6,6.0,False,False,15,Thursday
A-634,2,2016-03-03 17:23:23,41.14181,-80.72015999999998,Girard,OH,Light Snow,30.0,1.5,False,False,17,Thursday
A-635,2,2016-03-03 17:24:37,39.14648,-84.45455,Cincinnati,OH,Overcast,33.1,2.0,False,False,17,Thursday
A-636,2,2016-03-03 17:26:52,41.04263,-81.50543,Akron,OH,Light Snow,32.0,3.0,False,False,17,Thursday
A-637,2,2016-03-03 17:29:06,38.21089,-85.82606,Louisville,KY,Overcast,39.0,10.0,False,False,17,Thursday
A-638,2,2016-03-03 17:46:27,39.75067,-84.14148,Dayton,OH,Light Snow,32.0,1.8,False,False,17,Thursday
A-639,2,2016-03-03 17:52:38,38.28581,-85.50792,Louisville,KY,Overcast,37.9,10.0,False,False,17,Thursday
A-640,2,2016-03-03 17:52:38,39.15273300000001,-84.541403,Cincinnati,OH,Overcast,33.1,2.0,False,False,17,Thursday
A-641,2,2016-03-03 17:53:52,38.23585,-85.658849,Louisville,KY,Overcast,37.9,10.0,False,False,17,Thursday
A-642,3,2016-03-03 18:13:52,38.20249,-85.68697,Louisville,KY,Overcast,37.9,10.0,False,False,18,Thursday
A-643,4,2016-03-03 18:49:39,40.53491,-83.10678,Marion,OH,Light Snow,30.9,1.5,False,False,18,Thursday
A-644,4,2016-03-03 18:49:39,40.52035,-83.10043,Marion,OH,Light Snow,30.9,1.5,False,False,18,Thursday
A-645,2,2016-03-03 18:49:39,39.12965,-84.49555,Cincinnati,OH,Overcast,33.1,9.0,False,False,18,Thursday
A-646,2,2016-03-03 18:50:54,38.22811,-85.7514,Louisville,KY,Overcast,39.0,10.0,False,False,18,Thursday
A-647,2,2016-03-03 18:59:23,40.41233,-80.07815,Carnegie,PA,Light Snow,33.1,2.0,False,False,18,Thursday
A-648,2,2016-03-03 19:04:05,39.7504,-84.20561,Dayton,OH,Light Snow,32.0,3.0,False,False,19,Thursday
A-649,3,2016-03-03 23:01:13,39.08272,-84.52264,Covington,KY,Overcast,33.1,7.0,False,False,23,Thursday
A-650,4,2016-03-04 00:48:56,39.781457,-85.839651,Greenfield,IN,Overcast,35.6,3.0,False,False,0,Friday
A-651,4,2016-03-04 00:48:56,39.781457,-85.839651,Greenfield,IN,Overcast,35.6,3.0,False,False,0,Friday
A-652,2,2016-03-04 05:41:45,41.06076,-81.45923,Akron,OH,Light Snow,28.9,2.5,False,False,5,Friday
A-653,4,2016-03-04 05:57:38,39.688148,-83.88431,Xenia,OH,Overcast,33.4,6.0,False,False,5,Friday
A-654,4,2016-03-04 05:57:38,39.693164,-83.882745,Xenia,OH,Overcast,33.4,6.0,False,False,5,Friday
A-655,2,2016-03-04 06:44:13,39.9488,-83.02845,Columbus,OH,Light Snow,31.6,2.5,False,False,6,Friday
A-656,3,2016-03-04 06:50:23,41.11584000000001,-81.61428000000002,Akron,OH,Overcast,26.6,3.0,True,False,6,Friday
A-657,2,2016-03-04 06:59:47,39.797697,-84.189677,Dayton,OH,Overcast,30.9,2.5,False,False,6,Friday
A-658,3,2016-03-04 07:24:07,39.20326,-85.95763000000002,Columbus,IN,Overcast,30.2,7.0,True,False,7,Friday
A-659,2,2016-03-04 07:39:07,39.24464,-84.44835,Cincinnati,OH,Overcast,36.0,10.0,False,False,7,Friday
A-660,2,2016-03-04 07:36:38,39.73733,-84.25733000000002,Dayton,OH,Overcast,30.0,4.0,False,False,7,Friday
A-661,3,2016-03-04 07:47:26,39.969853,-85.972976,Fishers,IN,Overcast,28.4,7.0,False,False,7,Friday
A-662,2,2016-03-04 07:57:08,41.11889,-81.65406999999998,Akron,OH,Overcast,30.0,3.0,False,False,7,Friday
A-663,2,2016-03-04 08:17:55,39.13219,-84.49464,Cincinnati,OH,Overcast,36.0,10.0,False,False,8,Friday
A-664,2,2016-03-04 08:42:25,41.458,-83.62201999999998,Bowling Green,OH,Light Snow,28.9,3.0,False,False,8,Friday
A-665,2,2016-03-04 08:52:07,40.09268,-83.03726,Columbus,OH,Overcast,32.0,6.0,False,False,8,Friday
A-666,4,2016-03-04 09:25:21,40.066965,-83.289888,Plain City,OH,Overcast,32.0,4.0,False,False,9,Friday
A-667,4,2016-03-04 09:25:21,40.045608,-83.29660799999998,Plain City,OH,Overcast,32.0,4.0,False,False,9,Friday
A-668,3,2016-03-04 10:11:41,39.97307,-82.98405,Columbus,OH,Overcast,32.0,9.0,False,False,10,Friday
A-669,4,2016-03-04 10:15:10,39.98248,-85.123922,Economy,IN,Overcast,30.0,1.5,False,False,10,Friday
A-670,4,2016-03-04 10:15:10,39.981095,-85.11027299999998,Economy,IN,Overcast,30.0,1.5,False,False,10,Friday
A-671,2,2016-03-04 11:31:38,40.43021,-80.02554,Pittsburgh,PA,Overcast,34.0,10.0,False,False,11,Friday
A-672,2,2016-03-04 11:31:38,40.43219000000001,-80.02781999999998,Pittsburgh,PA,Overcast,34.0,10.0,True,False,11,Friday
A-673,3,2016-03-04 11:34:05,39.976567,-83.128639,Columbus,OH,Overcast,33.8,7.0,False,False,11,Friday
A-674,4,2016-03-04 12:07:43,41.256658,-85.363439,Churubusco,IN,Clear,32.0,10.0,False,False,12,Friday
A-675,2,2016-03-04 12:12:41,41.37499,-83.61635,Bowling Green,OH,Overcast,30.9,10.0,False,False,12,Friday
A-676,4,2016-03-04 12:07:43,41.252653,-85.347328,Churubusco,IN,Clear,32.0,10.0,False,False,12,Friday
A-677,2,2016-03-04 12:19:57,39.93658,-83.00941999999998,Columbus,OH,Overcast,33.8,7.0,False,False,12,Friday
A-678,3,2016-03-04 12:19:57,39.14014,-84.53495,Cincinnati,OH,Haze,36.0,6.0,False,False,12,Friday
A-679,3,2016-03-04 13:25:11,40.153014,-82.970316,Columbus,OH,Overcast,34.0,10.0,False,False,13,Friday
A-680,2,2016-03-04 16:25:40,39.90524,-82.89541,Columbus,OH,Overcast,33.8,10.0,False,False,16,Friday
A-681,2,2016-03-04 17:35:22,39.13219,-84.49464,Cincinnati,OH,Overcast,36.0,10.0,False,False,17,Friday
A-682,4,2016-03-05 01:43:26,40.42581,-80.4294,Burgettstown,PA,Overcast,30.0,10.0,False,False,1,Saturday
A-683,4,2016-03-05 03:22:18,41.08789,-83.65977,Findlay,OH,Overcast,30.0,9.0,False,False,3,Saturday
A-684,4,2016-03-05 04:08:42,39.9488,-83.02845,Columbus,OH,Scattered Clouds,31.8,7.0,False,False,4,Saturday
A-685,2,2016-03-05 10:35:19,41.47585,-81.87980999999998,Westlake,OH,Overcast,34.0,10.0,False,False,10,Saturday
A-686,3,2016-03-05 15:22:38,39.1079,-84.50284,Cincinnati,OH,Overcast,39.9,6.0,True,False,15,Saturday
A-687,4,2016-03-05 16:28:41,38.340803,-81.680728,Charleston,WV,Rain,41.0,4.0,False,False,16,Saturday
A-688,2,2016-03-06 19:43:00,40.96473,-85.28862,Roanoke,IN,Overcast,44.1,10.0,False,False,19,Sunday
A-689,4,2016-03-06 22:40:22,38.441,-82.12679,Milton,WV,Clear,39.0,10.0,False,False,22,Sunday
A-690,4,2016-03-06 23:18:37,38.4413,-82.01529000000002,Hurricane,WV,Clear,34.0,8.0,False,False,23,Sunday
A-691,4,2016-03-06 23:18:37,38.441,-82.12679,Milton,WV,Clear,39.0,10.0,False,False,23,Sunday
A-692,4,2016-03-07 04:57:25,38.18977,-83.48379,Morehead,KY,Clear,44.6,10.0,True,False,4,Monday
A-693,2,2016-03-07 05:30:40,41.194131,-80.201982,Mercer,PA,Partly Cloudy,32.0,10.0,False,False,5,Monday
A-694,3,2016-03-07 06:50:05,40.09601,-83.13626,Dublin,OH,Clear,39.0,10.0,False,False,6,Monday
A-695,2,2016-03-07 07:14:53,41.23632,-83.65401999999997,North Baltimore,OH,Partly Cloudy,42.1,10.0,False,False,7,Monday
A-696,2,2016-03-07 07:25:42,38.1737,-84.81473000000003,Frankfort,KY,Clear,48.0,10.0,False,False,7,Monday
A-697,2,2016-03-07 07:58:39,38.19016,-85.7616,Louisville,KY,Overcast,53.1,10.0,False,False,7,Monday
A-698,2,2016-03-07 09:19:37,39.25249,-84.36493,Cincinnati,OH,Partly Cloudy,45.0,10.0,False,False,9,Monday
A-699,4,2016-03-07 09:52:41,39.137217,-84.04718299999998,Williamsburg,OH,Clear,53.4,10.0,False,False,9,Monday
A-700,4,2016-03-07 09:52:41,39.141454,-84.016543,Williamsburg,OH,Clear,53.4,10.0,False,False,9,Monday
A-701,3,2016-03-07 11:58:26,38.344424,-81.613662,Charleston,WV,Mostly Cloudy,61.0,10.0,True,False,11,Monday
A-702,2,2016-03-07 12:24:40,41.93113,-83.35857,Monroe,MI,Clear,58.3,10.0,False,False,12,Monday
A-703,3,2016-03-07 12:45:57,40.89268,-84.61808,Van Wert,OH,Overcast,55.0,10.0,False,False,12,Monday
A-704,2,2016-03-07 13:34:43,40.46013,-80.19126,Coraopolis,PA,Mostly Cloudy,64.9,10.0,False,False,13,Monday
A-705,2,2016-03-07 13:56:17,41.119342,-80.698025,Youngstown,OH,Overcast,60.1,10.0,False,False,13,Monday
A-706,2,2016-03-07 13:56:17,41.117872,-80.693898,Youngstown,OH,Overcast,60.1,10.0,False,False,13,Monday
A-707,2,2016-03-07 14:48:16,39.15267,-84.5395,Cincinnati,OH,Clear,63.0,10.0,False,False,14,Monday
A-708,2,2016-03-07 15:45:55,38.27362,-85.80906,Louisville,KY,Overcast,66.9,10.0,False,False,15,Monday
A-709,2,2016-03-07 16:02:10,41.458,-83.62201999999998,Bowling Green,OH,Overcast,59.0,10.0,False,False,16,Monday
A-710,4,2016-03-07 16:08:24,39.35655,-84.26419,Mason,OH,Mostly Cloudy,63.0,10.0,False,False,16,Monday
A-711,2,2016-03-07 16:05:52,38.4062,-81.54054000000002,Charleston,WV,Mostly Cloudy,68.0,10.0,False,False,16,Monday
A-712,2,2016-03-07 16:14:39,41.02525900000001,-81.5042,Akron,OH,Mostly Cloudy,64.0,10.0,False,False,16,Monday
A-713,2,2016-03-07 16:12:10,38.27362,-85.80906,Louisville,KY,Overcast,66.9,10.0,False,False,16,Monday
A-714,2,2016-03-07 17:52:44,38.11969000000001,-85.77235,Fairdale,KY,Overcast,66.0,10.0,False,False,17,Monday
A-715,2,2016-03-07 19:51:06,38.275406,-85.81314300000003,Louisville,KY,Overcast,62.1,10.0,False,False,19,Monday
A-716,2,2016-03-07 20:58:24,38.27508,-85.81517099999998,Louisville,KY,Overcast,64.0,10.0,False,False,20,Monday
A-717,2,2016-03-08 05:09:26,41.39769,-81.939,North Olmsted,OH,Mostly Cloudy,54.0,10.0,True,False,5,Tuesday
A-718,2,2016-03-08 06:23:37,39.46513,-80.13559000000002,Fairmont,WV,Scattered Clouds,41.0,10.0,False,False,6,Tuesday
A-719,2,2016-03-08 06:26:06,38.217994,-81.426024,Cedar Grove,WV,Mostly Cloudy,45.0,10.0,False,False,6,Tuesday
A-720,3,2016-03-08 06:26:43,38.215401,-81.42437199999998,Cedar Grove,WV,Mostly Cloudy,45.0,10.0,False,False,6,Tuesday
A-721,2,2016-03-08 08:07:57,39.042851,-84.612615,Erlanger,KY,Mostly Cloudy,57.9,10.0,False,False,8,Tuesday
A-722,3,2016-03-08 08:34:28,38.26109,-85.73695,Louisville,KY,Clear,61.0,10.0,False,False,8,Tuesday
A-723,2,2016-03-08 08:55:43,39.05654000000001,-84.54283000000002,Covington,KY,Clear,57.9,10.0,False,False,8,Tuesday
A-724,4,2016-03-08 09:01:59,41.840758,-84.361657,Hudson,MI,Overcast,51.1,10.0,False,False,9,Tuesday
A-725,4,2016-03-08 09:01:59,41.841123,-84.361652,Hudson,MI,Overcast,51.1,10.0,False,False,9,Tuesday
A-726,2,2016-03-08 10:56:17,41.63316,-83.54203000000003,Toledo,OH,Overcast,60.1,10.0,False,False,10,Tuesday
A-727,2,2016-03-08 12:52:47,40.02874,-81.04368000000002,Belmont,OH,Overcast,66.0,10.0,False,False,12,Tuesday
A-728,3,2016-03-08 13:52:39,41.43891,-81.80258,Cleveland,OH,Mostly Cloudy,70.0,10.0,False,False,13,Tuesday
A-729,2,2016-03-08 13:58:57,41.0811,-81.50348000000002,Akron,OH,Partly Cloudy,71.1,10.0,True,False,13,Tuesday
A-730,2,2016-03-08 14:44:05,38.35575,-81.65420999999998,Charleston,WV,Scattered Clouds,73.9,10.0,True,False,14,Tuesday
A-731,2,2016-03-08 15:35:08,39.94585,-82.94293,Columbus,OH,Mostly Cloudy,72.0,10.0,False,False,15,Tuesday
A-732,2,2016-03-08 15:52:44,41.69017,-83.5181,Toledo,OH,Scattered Clouds,71.1,10.0,False,False,15,Tuesday
A-733,2,2016-03-08 16:33:40,40.11212,-83.03905999999998,Columbus,OH,Clear,71.1,10.0,False,False,16,Tuesday
A-734,3,2016-03-08 17:02:53,41.50259000000001,-81.66974,Cleveland,OH,Clear,73.9,10.0,True,False,17,Tuesday
A-735,2,2016-03-08 17:22:41,39.989994,-83.02512,Columbus,OH,Mostly Cloudy,70.0,10.0,False,False,17,Tuesday
A-736,2,2016-03-08 17:38:48,41.480458,-81.692932,Cleveland,OH,Clear,71.1,10.0,False,False,17,Tuesday
A-737,3,2016-03-08 18:09:45,39.22461,-84.45364000000002,Cincinnati,OH,Clear,71.1,10.0,False,False,18,Tuesday
A-738,2,2016-03-08 18:09:45,40.04376,-82.99708000000003,Columbus,OH,Mostly Cloudy,70.0,10.0,False,False,18,Tuesday
A-739,2,2016-03-08 18:17:00,39.93621,-82.88318000000002,Columbus,OH,Mostly Cloudy,70.0,10.0,False,False,18,Tuesday
A-740,4,2016-03-08 18:34:30,39.167788,-82.524172,Hamden,OH,Clear,68.2,10.0,False,False,18,Tuesday
A-741,4,2016-03-08 18:34:30,39.20655,-82.48212,Hamden,OH,Clear,68.2,10.0,False,False,18,Tuesday
A-742,2,2016-03-09 05:03:17,41.36576,-81.51602,Bedford,OH,Clear,63.0,10.0,False,False,5,Wednesday
A-743,4,2016-03-09 05:52:54,39.977322,-81.183327,Barnesville,OH,Clear,55.9,10.0,False,False,5,Wednesday
A-744,4,2016-03-09 05:52:54,39.961933,-81.175436,Barnesville,OH,Clear,55.9,10.0,False,False,5,Wednesday
A-745,2,2016-03-09 06:18:29,39.68292,-84.23004,Dayton,OH,Clear,55.9,10.0,False,False,6,Wednesday
A-746,2,2016-03-09 07:24:16,40.02664,-82.9944,Columbus,OH,Mostly Cloudy,54.0,10.0,False,False,7,Wednesday
A-747,4,2016-03-09 07:47:15,38.583372,-81.994824,Buffalo,WV,Fair,52.0,10.0,False,False,7,Wednesday
A-748,4,2016-03-09 07:47:15,38.58119600000001,-82.004356,Fraziers Bottom,WV,Fair,52.0,10.0,False,False,7,Wednesday
A-749,3,2016-03-09 07:48:31,40.07297,-83.1347,Dublin,OH,Clear,57.0,10.0,False,False,7,Wednesday
A-750,2,2016-03-09 07:49:48,41.58689,-83.56234,Perrysburg,OH,Clear,59.0,10.0,False,False,7,Wednesday
A-751,4,2016-03-09 08:28:41,38.31714,-85.57677,Louisville,KY,Clear,66.0,10.0,False,False,8,Wednesday
A-752,2,2016-03-09 08:47:54,40.07297,-83.1347,Dublin,OH,Clear,63.0,10.0,False,False,8,Wednesday
A-753,3,2016-03-09 08:55:10,39.07202,-84.51907,Covington,KY,Clear,55.9,10.0,False,False,8,Wednesday
A-754,3,2016-03-09 09:07:50,41.46747,-81.75909,Cleveland,OH,Scattered Clouds,62.1,10.0,False,False,9,Wednesday
A-755,2,2016-03-09 09:11:37,40.82645,-81.39675,Canton,OH,Mostly Cloudy,59.0,10.0,False,False,9,Wednesday
A-756,2,2016-03-09 10:17:46,40.82645,-81.39675,Canton,OH,Scattered Clouds,64.0,10.0,False,False,10,Wednesday
A-757,2,2016-03-09 11:55:51,39.05654000000001,-84.54283000000002,Covington,KY,Clear,69.1,10.0,False,False,11,Wednesday
A-758,3,2016-03-09 12:56:43,39.06272,-84.65728,Hebron,KY,Overcast,69.1,10.0,False,False,12,Wednesday
A-759,2,2016-03-09 13:15:39,39.03368,-84.59527,Erlanger,KY,Overcast,69.1,10.0,False,False,13,Wednesday
A-760,3,2016-03-09 14:06:37,40.02121,-82.99503,Columbus,OH,Mostly Cloudy,73.0,10.0,False,False,14,Wednesday
A-761,4,2016-03-09 14:49:46,39.866695,-84.9305,Richmond,IN,Overcast,64.4,10.0,False,False,14,Wednesday
A-762,3,2016-03-09 16:23:05,39.05654000000001,-84.54283000000002,Covington,KY,Light Rain,61.0,7.0,False,False,16,Wednesday
A-763,2,2016-03-09 16:23:05,39.03232,-84.59137,Erlanger,KY,Light Rain,60.1,3.0,False,False,16,Wednesday
A-764,2,2016-03-09 17:03:08,41.04058,-81.61256999999998,Barberton,OH,Mostly Cloudy,72.0,10.0,False,False,17,Wednesday
A-765,2,2016-03-09 23:01:59,40.98884,-83.64875,Findlay,OH,Light Rain,57.9,4.0,False,False,23,Wednesday
A-766,2,2016-03-10 05:03:07,39.95658,-83.37075,London,OH,Rain,55.4,7.0,False,False,5,Thursday
A-767,3,2016-03-10 05:29:17,39.89857,-83.72139,Springfield,OH,Overcast,55.4,7.0,False,False,5,Thursday
A-768,2,2016-03-10 05:43:14,39.896448,-83.72312099999998,Springfield,OH,Overcast,55.9,10.0,False,False,5,Thursday
A-769,2,2016-03-10 06:20:44,41.47965,-81.66758,Cleveland,OH,Light Rain,53.1,3.0,False,False,6,Thursday
A-770,2,2016-03-10 06:28:21,39.71548,-84.22033,Dayton,OH,Light Rain,59.0,10.0,False,False,6,Thursday
A-771,2,2016-03-10 06:55:43,40.0389,-85.71828000000002,Anderson,IN,Light Drizzle,55.4,2.0,False,False,6,Thursday
A-772,4,2016-03-10 07:16:55,41.17516,-81.23116999999998,Ravenna,OH,Rain,55.8,4.0,False,False,7,Thursday
A-773,4,2016-03-10 07:16:55,41.15107,-81.21375,Ravenna,OH,Rain,55.8,4.0,False,False,7,Thursday
A-774,2,2016-03-10 07:44:25,40.0389,-85.71828000000002,Anderson,IN,Light Drizzle,55.4,2.0,False,False,7,Thursday
A-775,3,2016-03-10 07:44:25,39.99336,-85.83861999999998,Pendleton,IN,Light Drizzle,55.4,2.0,False,False,7,Thursday
A-776,2,2016-03-10 07:55:41,40.46013,-80.19126,Coraopolis,PA,Light Rain,60.1,7.0,False,False,7,Thursday
A-777,3,2016-03-10 09:01:15,41.68976,-83.666,Toledo,OH,Drizzle,55.9,2.0,False,False,9,Thursday
A-778,2,2016-03-10 09:32:56,39.97326,-83.00690999999998,Columbus,OH,Mostly Cloudy,59.0,10.0,False,False,9,Thursday
A-779,2,2016-03-10 09:39:10,39.48572,-83.94191,Wilmington,OH,Overcast,59.0,10.0,False,False,9,Thursday
A-780,2,2016-03-10 09:46:49,39.83355,-85.99635,Indianapolis,IN,Overcast,57.2,3.0,False,False,9,Thursday
A-781,2,2016-03-10 10:50:37,39.79721,-85.97153,Indianapolis,IN,Overcast,57.2,2.5,False,True,10,Thursday
A-782,2,2016-03-10 11:38:35,39.98056,-83.11924,Columbus,OH,Light Rain,59.0,5.0,False,False,11,Thursday
A-783,2,2016-03-10 11:43:44,41.458,-83.62243000000002,Bowling Green,OH,Light Rain,57.9,1.5,False,False,11,Thursday
A-784,4,2016-03-10 11:53:49,39.905352,-82.995352,Columbus,OH,Overcast,60.8,10.0,False,False,11,Thursday
A-785,3,2016-03-10 12:44:56,39.99921,-83.02875,Columbus,OH,Light Rain,60.1,6.0,False,False,12,Thursday
A-786,4,2016-03-10 13:46:46,40.869049,-81.95845600000001,Wooster,OH,Light Rain,59.0,5.0,False,False,13,Thursday
A-787,4,2016-03-10 15:30:40,41.419021,-81.519515,Bedford,OH,Light Rain,46.9,0.2,False,False,15,Thursday
A-788,2,2016-03-10 16:30:03,39.34392,-84.39043000000002,West Chester,OH,Light Rain,62.1,4.0,False,False,16,Thursday
A-789,2,2016-03-10 16:30:03,39.9454,-82.60271,Millersport,OH,Light Rain,61.0,3.0,False,False,16,Thursday
A-790,4,2016-03-10 17:05:24,38.353957,-81.73513100000002,South Charleston,WV,Mostly Cloudy,77.0,10.0,False,False,17,Thursday
A-791,4,2016-03-10 17:05:24,38.354505,-81.731585,South Charleston,WV,Mostly Cloudy,77.0,10.0,False,False,17,Thursday
A-792,2,2016-03-10 17:12:43,41.501623,-81.479519,Cleveland,OH,Light Rain,51.8,0.2,True,False,17,Thursday
A-793,2,2016-03-10 17:28:43,39.86477,-83.99871,Medway,OH,Light Rain,59.0,2.0,False,False,17,Thursday
A-794,4,2016-03-10 17:35:03,38.737813,-85.250959,Madison,IN,Rain,62.1,2.0,False,False,17,Thursday
A-795,2,2016-03-10 18:08:20,40.00507,-83.1186,Columbus,OH,Rain,58.1,5.0,False,False,18,Thursday
A-796,2,2016-03-10 18:17:42,39.91978,-82.93149,Columbus,OH,Light Rain,58.5,5.0,True,False,18,Thursday
A-797,3,2016-03-10 18:29:42,39.09757000000001,-84.51666,Cincinnati,OH,Rain,60.1,4.0,True,False,18,Thursday
A-798,2,2016-03-10 19:23:41,41.07995,-81.50389,Akron,OH,Light Rain,57.0,5.0,False,False,19,Thursday
A-799,2,2016-03-10 20:12:58,41.63316,-83.54203000000003,Toledo,OH,Light Rain,48.9,1.8,False,False,20,Thursday
A-800,4,2016-03-10 22:39:31,39.82529,-83.03175999999998,Lockbourne,OH,Drizzle,53.4,10.0,False,False,22,Thursday
A-801,4,2016-03-10 22:39:31,39.83209,-82.99884,Lockbourne,OH,Drizzle,53.4,10.0,False,False,22,Thursday
A-802,4,2016-03-10 22:39:31,39.83208,-83.000447,Lockbourne,OH,Drizzle,53.4,10.0,False,True,22,Thursday
A-803,4,2016-03-11 05:04:37,38.416631,-84.861968,Owenton,KY,Overcast,52.0,10.0,False,False,5,Friday
A-804,2,2016-03-11 05:09:45,40.55549,-80.11634000000002,Sewickley,PA,Overcast,46.0,8.0,False,False,5,Friday
A-805,2,2016-03-11 06:07:54,39.17736,-84.4873,Cincinnati,OH,Overcast,48.9,8.0,False,False,6,Friday
A-806,2,2016-03-11 06:15:39,41.484589,-81.691778,Cleveland,OH,Overcast,37.9,10.0,True,False,6,Friday
A-807,2,2016-03-11 06:24:40,41.22734000000001,-81.62705,Richfield,OH,Overcast,37.9,10.0,False,False,6,Friday
A-808,2,2016-03-11 06:27:13,39.04695,-84.57498000000002,Ft Mitchell,KY,Overcast,46.4,7.0,False,False,6,Friday
A-809,2,2016-03-11 06:54:13,39.25595,-84.44287,Cincinnati,OH,Overcast,48.9,5.0,False,False,6,Friday
A-810,2,2016-03-11 07:40:49,39.8888,-82.88181999999998,Groveport,OH,Scattered Clouds,44.1,10.0,False,False,7,Friday
A-811,2,2016-03-11 08:35:14,39.74729,-84.21426,Dayton,OH,Overcast,45.0,7.0,False,False,8,Friday
A-812,2,2016-03-11 08:36:30,39.97415,-83.09486,Columbus,OH,Overcast,44.6,10.0,True,False,8,Friday
A-813,2,2016-03-11 09:12:48,39.08272,-84.52264,Covington,KY,Scattered Clouds,52.0,9.0,False,False,9,Friday
A-814,4,2016-03-11 09:42:39,39.949808,-83.02289300000002,Columbus,OH,Overcast,46.4,10.0,False,False,9,Friday
A-815,4,2016-03-11 09:42:39,39.95141,-83.0137,Columbus,OH,Overcast,45.0,10.0,False,False,9,Friday
A-816,2,2016-03-11 10:22:57,38.7056,-80.66107,Sutton,WV,Cloudy,50.0,10.0,False,False,10,Friday
A-817,2,2016-03-11 11:07:42,39.1479,-84.53929000000002,Cincinnati,OH,Mostly Cloudy,52.0,10.0,False,False,11,Friday
A-818,2,2016-03-11 11:40:38,41.7573,-83.48075,Erie,MI,Scattered Clouds,47.1,10.0,False,False,11,Friday
A-819,2,2016-03-11 11:55:01,39.98946,-85.9299,Noblesville,IN,Scattered Clouds,48.9,10.0,False,False,11,Friday
A-820,2,2016-03-11 15:40:18,39.98894,-83.025012,Columbus,OH,Mostly Cloudy,57.9,10.0,False,False,15,Friday
A-821,2,2016-03-11 16:21:04,41.110996,-80.82384,North Jackson,OH,Overcast,44.1,10.0,False,False,16,Friday
A-822,2,2016-03-11 16:23:42,41.68685900000001,-83.554005,Toledo,OH,Clear,47.5,10.0,False,False,16,Friday
A-823,2,2016-03-11 16:43:02,41.53907,-81.63354,Cleveland,OH,Scattered Clouds,37.0,10.0,False,False,16,Friday
A-824,2,2016-03-11 16:57:13,39.300562,-84.518869,Cincinnati,OH,Clear,59.0,10.0,True,False,16,Friday
A-825,4,2016-03-11 17:11:41,41.202543,-85.7011,Pierceton,IN,Clear,53.6,10.0,False,False,17,Friday
A-826,2,2016-03-11 17:19:44,39.19288,-84.47723,Cincinnati,OH,Clear,57.0,10.0,False,False,17,Friday
A-827,3,2016-03-11 17:21:03,40.07297,-83.1347,Dublin,OH,Clear,57.0,10.0,False,False,17,Friday
A-828,2,2016-03-11 17:43:40,39.140991,-84.483618,Cincinnati,OH,Clear,55.9,10.0,False,False,17,Friday
A-829,2,2016-03-11 17:46:19,41.121599,-80.789503,Youngstown,OH,Overcast,42.1,10.0,False,False,17,Friday
A-830,2,2016-03-11 18:48:40,41.31438,-81.51286,Macedonia,OH,Clear,39.7,10.0,False,False,18,Friday
A-831,4,2016-03-11 19:05:41,39.85922,-84.27762,Dayton,OH,Mostly Cloudy,48.9,10.0,False,False,19,Friday
A-832,2,2016-03-11 22:51:44,40.42005,-80.03531,Pittsburgh,PA,Clear,44.1,10.0,True,False,22,Friday
A-833,2,2016-03-11 22:51:44,39.9589,-82.98257,Columbus,OH,Mostly Cloudy,44.1,10.0,False,False,22,Friday
A-834,4,2016-03-12 01:38:49,39.89087,-83.85382,Springfield,OH,Clear,37.9,5.0,True,False,1,Saturday
A-835,4,2016-03-12 02:02:16,39.89862,-83.85353,Springfield,OH,Clear,37.9,5.0,False,False,2,Saturday
A-836,4,2016-03-12 08:17:50,40.03938,-83.050567,Columbus,OH,Clear,43.0,7.0,False,False,8,Saturday
A-837,3,2016-03-12 08:15:13,41.41218,-81.61371,Cleveland,OH,Fog,35.1,0.2,False,False,8,Saturday
A-838,3,2016-03-12 10:47:40,38.306159,-80.833765,Summersville,WV,Cloudy,57.0,10.0,False,True,10,Saturday
A-839,2,2016-03-12 12:36:17,40.104,-82.94154,Columbus,OH,Overcast,63.0,10.0,False,False,12,Saturday
A-840,3,2016-03-12 15:28:41,38.24178,-85.62212,Louisville,KY,Mostly Cloudy,73.9,10.0,False,False,15,Saturday
A-841,3,2016-03-13 07:03:57,41.55264,-81.60032,Cleveland,OH,Light Rain,48.0,10.0,False,False,7,Sunday
A-842,3,2016-03-13 07:05:15,39.99226,-82.98517,Columbus,OH,Light Rain,50.0,10.0,False,False,7,Sunday
A-843,3,2016-03-13 08:15:43,38.31553,-85.58313000000003,Prospect,KY,Overcast,62.1,8.0,False,False,8,Sunday
A-844,4,2016-03-13 08:14:24,38.400331,-85.371049,La Grange,KY,Overcast,62.1,8.0,False,False,8,Sunday
A-845,3,2016-03-13 08:15:43,38.31251,-85.57741999999998,Louisville,KY,Overcast,62.1,8.0,False,False,8,Sunday
A-846,4,2016-03-13 11:56:06,38.400331,-85.371049,La Grange,KY,Light Rain,63.0,5.0,False,False,11,Sunday
A-847,4,2016-03-13 17:04:48,39.88938,-82.88316,Groveport,OH,Rain,56.1,4.0,False,False,17,Sunday
A-848,4,2016-03-13 19:01:07,38.15873,-80.90504,Mount Lookout,WV,Overcast,61.0,10.0,False,False,19,Sunday
A-849,2,2016-03-14 05:02:46,39.9745,-83.09654,Columbus,OH,Overcast,56.7,10.0,False,False,5,Monday
A-850,2,2016-03-14 06:56:42,41.47487,-81.72095,Cleveland,OH,Overcast,57.0,4.0,False,False,6,Monday
A-851,2,2016-03-14 07:41:00,39.26931,-84.4307,Cincinnati,OH,Fog,51.1,0.2,False,True,7,Monday
A-852,2,2016-03-14 08:18:40,38.2201,-85.82223,Louisville,KY,Mostly Cloudy,59.0,10.0,False,False,8,Monday
A-853,3,2016-03-14 08:35:39,41.48339,-81.66297,Cleveland,OH,Overcast,59.0,5.0,False,False,8,Monday
A-854,2,2016-03-14 08:44:39,39.16161,-84.51375,Cincinnati,OH,Overcast,52.0,7.0,True,False,8,Monday
A-855,4,2016-03-14 09:17:17,41.42734,-82.08322,Sheffield Lake,OH,Overcast,59.0,10.0,False,False,9,Monday
A-856,2,2016-03-14 12:32:51,41.52631,-83.62123000000003,Perrysburg,OH,Haze,61.0,6.0,False,False,12,Monday
A-857,3,2016-03-14 12:51:14,39.91732,-83.012335,Columbus,OH,Scattered Clouds,66.2,10.0,False,False,12,Monday
A-858,2,2016-03-14 13:29:41,41.60867,-81.48891,Euclid,OH,Mostly Cloudy,68.0,15.0,False,False,13,Monday
A-859,2,2016-03-14 13:51:58,41.20554,-85.17116,Fort Wayne,IN,Overcast,60.1,10.0,False,False,13,Monday
A-860,2,2016-03-14 14:46:21,41.507189,-81.67124,Cleveland,OH,Mostly Cloudy,71.1,10.0,True,False,14,Monday
A-861,2,2016-03-14 15:07:41,39.97415,-83.09486,Columbus,OH,Thunderstorms and Rain,66.2,7.0,True,False,15,Monday
A-862,2,2016-03-14 17:07:35,39.97043,-83.01961999999997,Columbus,OH,Light Rain,57.9,10.0,False,False,17,Monday
A-863,2,2016-03-14 17:28:43,39.93849,-82.84849,Columbus,OH,Mostly Cloudy,60.1,10.0,False,False,17,Monday
A-864,2,2016-03-14 18:11:45,39.89698,-83.03428000000002,Grove City,OH,Clear,66.2,10.0,True,False,18,Monday
A-865,2,2016-03-14 18:13:04,39.71452,-84.22281,Dayton,OH,Scattered Clouds,66.0,10.0,False,False,18,Monday
A-866,2,2016-03-14 18:34:01,40.11468,-83.01644,Columbus,OH,Partly Cloudy,61.0,10.0,False,False,18,Monday
A-867,2,2016-03-14 18:34:01,38.34244,-85.80447,New Albany,IN,Light Rain,62.1,10.0,False,False,18,Monday
A-868,2,2016-03-14 21:05:39,41.47036,-81.65984,Cleveland,OH,Light Rain,57.0,9.0,False,False,21,Monday
A-869,3,2016-03-15 03:14:57,38.30056,-85.84703,New Albany,IN,Scattered Clouds,54.0,4.0,False,False,3,Tuesday
A-870,2,2016-03-15 05:38:57,39.169389,-84.50389,Cincinnati,OH,Overcast,57.0,10.0,False,False,5,Tuesday
A-871,4,2016-03-15 06:31:39,39.936838,-83.042661,Columbus,OH,Overcast,53.8,5.0,False,False,6,Tuesday
A-872,4,2016-03-15 06:31:39,39.937567,-83.04209200000003,Columbus,OH,Overcast,53.8,5.0,False,False,6,Tuesday
A-873,2,2016-03-15 06:38:09,39.9425,-82.53536,Hebron,OH,Overcast,55.0,10.0,False,False,6,Tuesday
A-874,2,2016-03-15 08:32:32,39.27125,-84.35176,Cincinnati,OH,Partly Cloudy,55.9,7.0,False,False,8,Tuesday
A-875,2,2016-03-15 08:48:24,41.398877,-83.616108,Bowling Green,OH,Overcast,51.1,10.0,False,False,8,Tuesday
A-876,2,2016-03-15 08:49:43,39.24422,-84.30224,Cincinnati,OH,Overcast,57.0,10.0,False,False,8,Tuesday
A-877,2,2016-03-15 09:16:40,40.412997,-80.07973299999998,Carnegie,PA,Overcast,50.0,4.0,False,False,9,Tuesday
A-878,3,2016-03-15 09:33:50,39.021521,-84.50784300000002,Latonia,KY,Mostly Cloudy,57.9,10.0,False,False,9,Tuesday
A-879,2,2016-03-15 10:14:20,41.12367,-80.76913,Youngstown,OH,Light Drizzle,51.1,0.5,False,False,10,Tuesday
A-880,2,2016-03-15 10:18:20,41.073876,-83.66091999999998,Findlay,OH,Overcast,51.1,10.0,False,False,10,Tuesday
A-881,4,2016-03-15 10:33:58,39.01992,-83.65886,Winchester,OH,Mostly Cloudy,60.4,10.0,False,False,10,Tuesday
A-882,4,2016-03-15 10:33:58,38.97914,-83.65465,Winchester,OH,Mostly Cloudy,60.4,10.0,False,False,10,Tuesday
A-883,2,2016-03-15 10:59:17,40.09927,-83.15793000000002,Dublin,OH,Overcast,53.1,9.0,False,False,10,Tuesday
A-884,3,2016-03-15 11:17:21,39.93658,-83.00941999999998,Columbus,OH,Overcast,55.4,5.0,False,False,11,Tuesday
A-885,2,2016-03-15 12:16:46,39.11543,-84.50003000000002,Cincinnati,OH,Clear,64.0,10.0,False,False,12,Tuesday
A-886,3,2016-03-15 12:22:00,41.474552,-81.711522,Cleveland,OH,Light Rain,44.1,1.5,False,False,12,Tuesday
A-887,2,2016-03-15 12:31:20,39.78517,-84.18457,Dayton,OH,Mostly Cloudy,60.8,10.0,False,False,12,Tuesday
A-888,3,2016-03-15 13:28:15,41.47974,-81.6667,Cleveland,OH,Light Rain,45.0,1.5,False,False,13,Tuesday
A-889,2,2016-03-15 14:02:45,38.27719,-85.69383,Louisville,KY,Clear,75.0,10.0,False,False,14,Tuesday
A-890,4,2016-03-15 14:17:18,38.495124,-85.771118,Memphis,IN,Clear,75.0,10.0,False,False,14,Tuesday
A-891,2,2016-03-15 14:33:25,39.73277,-84.20522,Dayton,OH,Scattered Clouds,66.9,10.0,False,False,14,Tuesday
A-892,2,2016-03-15 15:47:17,41.458,-83.62243000000002,Bowling Green,OH,Overcast,54.0,10.0,False,False,15,Tuesday
A-893,4,2016-03-15 16:52:01,39.045381,-84.462312,Newport,KY,Clear,73.0,10.0,False,False,16,Tuesday
A-894,2,2016-03-15 16:54:43,41.526,-81.65974,Cleveland,OH,Overcast,43.0,3.0,False,False,16,Tuesday
A-895,3,2016-03-15 17:06:42,40.78725,-81.38592,Canton,OH,Overcast,55.0,10.0,False,False,17,Tuesday
A-896,3,2016-03-15 17:22:21,38.3657,-85.75495,Sellersburg,IN,Clear,80.1,10.0,False,False,17,Tuesday
A-897,2,2016-03-15 18:05:23,39.02575,-84.61272,Erlanger,KY,Clear,73.0,10.0,False,False,18,Tuesday
A-898,4,2016-03-15 20:48:45,40.90923,-81.79765,Sterling,OH,Clear,50.0,10.0,False,False,20,Tuesday
A-899,4,2016-03-15 20:48:45,40.91649,-81.78869,Sterling,OH,Clear,50.0,10.0,False,False,20,Tuesday
A-900,2,2016-03-16 06:23:41,39.10051,-80.39199,Jane Lew,WV,Clear,62.6,10.0,False,False,6,Wednesday
